{
    "$schema": "https://schema.management.azure.com/schemas/2019-04-01/deploymentTemplate.json#",
    "contentVersion": "1.0.0.0",
    "parameters": {
        "adminUsername": {
            "defaultValue": "demoazure",
            "type": "String",
            "metadata": {
                "description": "Admin username for the backend servers"
            }
        },
        "adminPassword": {
            "defaultValue": "demoazure@12345",
            "type": "SecureString",
            "metadata": {
                "description": "Password for the admin account on the backend servers"
            }
        },
        "location": {
            "defaultValue": "westus",
            "type": "String",
            "metadata": {
                "description": "Location for all resources."
            }
        },
        "vmSize": {
            "defaultValue": "Standard_B2ms",
            "type": "String",
            "metadata": {
                "description": "Size of the virtual machine."
            }
        },
        "publicIPAddressName": {
            "defaultValue": "appgwpublicip",
            "type": "String",
            "metadata": {
                "description": "Public IP Name"
            }
        },
        "appGatewayName": {
            "defaultValue": "myappgwnew",
            "type": "String",
            "metadata": {
                "description": "Name of the application gateway."
            }
        },
        "vnetName": {
            "defaultValue": "gwvnetnew",
            "type": "String",
            "metadata": {
                "description": "VNET name"
            }
        },
        "vmName": {
            "defaultValue": "vmgwerr",
            "type": "String",
            "metadata": {
                "description": "Name of the virtual machine."
            }
        },
        "availabilitySetName": {
            "defaultValue": "myavsets",
            "type": "String",
            "metadata": {
                "description": "Name of the virtual machine availability set name"
            }
        },
        "imagePublisher": {
            "defaultValue": "MicrosoftWindowsServer",
            "type": "String",
            "metadata": {
                "description": "Image Publisher"
            }
        },
        "imageOffer": {
            "defaultValue": "WindowsServer",
            "type": "String",
            "metadata": {
                "description": "Image Offer"
            }
        },
        "imageSKU": {
            "defaultValue": "2019-Datacenter",
            "type": "String",
            "metadata": {
                "description": "Image SKU"
            }
        }
    },
    "variables": {
        "net_interface": "[concat(parameters('vmName'), 'net-int')]",
        "ipconfig_name": "ipconfig",
        "nsg_name": "vm-nsg",
        "vnet_prefix": "10.0.0.0/16",
        "ag_subnet_prefix": "10.0.0.0/24",
        "backend_subnet_prefix": "10.0.1.0/24"
    },
    "resources": [
        {
            "type": "Microsoft.Network/networkSecurityGroups",
            "apiVersion": "2019-07-01",
            "name": "[concat(variables('nsg_name'), copyIndex(1))]",
            "location": "[parameters('location')]",
            "properties": {
                "securityRules": [
                    {
                        "name": "RDP",
                        "properties": {
                            "protocol": "TCP",
                            "sourcePortRange": "*",
                            "destinationPortRange": "3389",
                            "sourceAddressPrefix": "*",
                            "destinationAddressPrefix": "*",
                            "access": "Allow",
                            "priority": 300,
                            "direction": "Inbound"
                        }
                    }
                ]
            },
            "copy": {
                "name": "nsg-loop",
                "count": 2
            }
        },
        {
            "type": "Microsoft.Compute/availabilitySets",
            "apiVersion": "2019-07-01",
            "name": "[parameters('availabilitySetName')]",
            "location": "[parameters('location')]",
            "sku": {
                "name": "Aligned"
            },
            "properties": {
                "platformFaultDomainCount": 2,
                "platformUpdateDomainCount": 5
            }
        },
        {
            "type": "Microsoft.Network/publicIPAddresses",
            "apiVersion": "2019-07-01",
            "name": "[concat(parameters('publicIPAddressName'), copyIndex())]",
            "location": "[parameters('location')]",
            "sku": {
                "name": "Standard"
            },
            "properties": {
                "publicIPAddressVersion": "IPv4",
                "publicIPAllocationMethod": "Static",
                "idleTimeoutInMinutes": 4
            },
            "copy": {
                "name": "publicip-loop",
                "count": 3
            }
        },
        {
            "type": "Microsoft.Network/virtualNetworks",
            "apiVersion": "2019-07-01",
            "name": "[parameters('vnetName')]",
            "location": "[parameters('location')]",
            "properties": {
                "addressSpace": {
                    "addressPrefixes": [
                        "[variables('vnet_prefix')]"
                    ]
                },
                "subnets": [
                    {
                        "name": "myAGSubnet",
                        "properties": {
                            "addressPrefix": "[variables('ag_subnet_prefix')]",
                            "privateEndpointNetworkPolicies": "Enabled",
                            "privateLinkServiceNetworkPolicies": "Enabled"
                        }
                    },
                    {
                        "name": "myBackendSubnet",
                        "properties": {
                            "addressPrefix": "[variables('backend_subnet_prefix')]",
                            "privateEndpointNetworkPolicies": "Enabled",
                            "privateLinkServiceNetworkPolicies": "Enabled"
                        }
                    }
                ],
                "enableDdosProtection": false,
                "enableVmProtection": false
            }
        },
        {
            "type": "Microsoft.Compute/virtualMachines",
            "apiVersion": "2019-07-01",
            "name": "[concat(parameters('vmName'), copyIndex(1))]",
            "location": "[parameters('location')]",
            "dependsOn": [
                "[resourceId('Microsoft.Network/networkInterfaces', concat(variables('net_interface'), copyIndex(1)))]",
                "[resourceId('Microsoft.Compute/availabilitySets/', parameters('availabilitySetName'))]"
            ],
            "properties": {
                "availabilitySet": {
                    "id": "[resourceId('Microsoft.Compute/availabilitySets',parameters('availabilitySetName'))]"
                },
                "hardwareProfile": {
                    "vmSize": "[parameters('vmSize')]"
                },
                "storageProfile": {
                    "imageReference": {
                        "publisher": "[parameters('imagePublisher')]",
                        "offer": "[parameters('imageOffer')]",
                        "sku": "[parameters('imageSKU')]",
                        "version": "latest"
                    },
                    "osDisk": {
                        "osType": "Windows",
                        "createOption": "FromImage",
                        "caching": "ReadWrite",
                        "managedDisk": {
                            "storageAccountType": "StandardSSD_LRS"
                        },
                        "diskSizeGB": 127
                    }
                },
                "osProfile": {
                    "computerName": "[concat(parameters('vmName'), copyIndex(1))]",
                    "adminUsername": "[parameters('adminUsername')]",
                    "adminPassword": "[parameters('adminPassword')]",
                    "windowsConfiguration": {
                        "provisionVMAgent": true,
                        "enableAutomaticUpdates": true
                    },
                    "allowExtensionOperations": true
                },
                "networkProfile": {
                    "networkInterfaces": [
                        {
                            "id": "[resourceId('Microsoft.Network/networkInterfaces', concat(variables('net_interface'), copyIndex(1)))]"
                        }
                    ]
                }
            },
            "copy": {
                "name": "vm-loop",
                "count": 2
            }
        },
        {
            "type": "Microsoft.Compute/virtualMachines/extensions",
            "apiVersion": "2019-07-01",
            "name": "[concat(parameters('vmName'), copyIndex(1),'/IIS')]",
            "location": "[parameters('location')]",
            "dependsOn": [
                "[resourceId('Microsoft.Compute/virtualMachines', concat(parameters('vmName'), copyIndex(1)))]"
            ],
            "properties": {
                "autoUpgradeMinorVersion": true,
                "publisher": "Microsoft.Compute",
                "type": "CustomScriptExtension",
                "typeHandlerVersion": "1.4",
                "settings": {
                    "commandToExecute": "powershell Add-WindowsFeature Web-Server; powershell Add-Content -Path \"C:\\inetpub\\wwwroot\\Default.htm\" -Value $($env:computername)"
                }
            },
            "copy": {
                "name": "ext-loop",
                "count": 2
            }
        },
        {
            "type": "Microsoft.Network/applicationGateways",
            "apiVersion": "2019-07-01",
            "name": "[parameters('appGatewayName')]",
            "location": "[parameters('location')]",
            "dependsOn": [
                "[resourceId('Microsoft.Network/virtualNetworks', parameters('vnetName'))]",
                "[resourceId('Microsoft.Network/publicIPAddresses', concat(parameters('publicIPAddressName'), '0'))]"
            ],
            "properties": {
                "sku": {
                    "name": "Standard_v2",
                    "tier": "Standard_v2"
                },
                "gatewayIPConfigurations": [
                    {
                        "name": "appGatewayIpConfig",
                        "properties": {
                            "subnet": {
                                "id": "[resourceId('Microsoft.Network/virtualNetworks/subnets', parameters('vnetName'), 'myAGSubnet')]"
                            }
                        }
                    }
                ],
                "frontendIPConfigurations": [
                    {
                        "name": "appGwPublicFrontendIp",
                        "properties": {
                            "privateIPAllocationMethod": "Dynamic",
                            "publicIPAddress": {
                                "id": "[resourceId('Microsoft.Network/publicIPAddresses', concat(parameters('publicIPAddressName'), '0'))]"
                            }
                        }
                    }
                ],
                "frontendPorts": [
                    {
                        "name": "port_80",
                        "properties": {
                            "port": 80
                        }
                    }
                ],
                "backendAddressPools": [
                    {
                        "name": "myBackendPool",
                        "properties": {}
                    }
                ],
                "backendHttpSettingsCollection": [
                    {
                        "name": "myHTTPSetting",
                        "properties": {
                            "port": 80,
                            "protocol": "Http",
                            "cookieBasedAffinity": "Disabled",
                            "pickHostNameFromBackendAddress": false,
                            "requestTimeout": 20
                        }
                    }
                ],
                "httpListeners": [
                    {
                        "name": "myListener",
                        "properties": {
                            "frontendIPConfiguration": {
                                "id": "[resourceId('Microsoft.Network/applicationGateways/frontendIPConfigurations', parameters('appGatewayName'), 'appGwPublicFrontendIp')]"
                            },
                            "frontendPort": {
                                "id": "[resourceId('Microsoft.Network/applicationGateways/frontendPorts', parameters('appGatewayName'), 'port_80')]"
                            },
                            "protocol": "Http",
                            "requireServerNameIndication": false
                        }
                    }
                ],
                "requestRoutingRules": [
                    {
                        "name": "myRoutingRule",
                        "properties": {
                            "ruleType": "Basic",
                            "httpListener": {
                                "id": "[resourceId('Microsoft.Network/applicationGateways/httpListeners', parameters('appGatewayName'), 'myListener')]"
                            },
                            "backendAddressPool": {
                                "id": "[resourceId('Microsoft.Network/applicationGateways/backendAddressPools', parameters('appGatewayName'), 'myBackendPool')]"
                            },
                            "backendHttpSettings": {
                                "id": "[resourceId('Microsoft.Network/applicationGateways/backendHttpSettingsCollection', parameters('appGatewayName'), 'myHTTPSetting')]"
                            }
                        }
                    }
                ],
                "enableHttp2": false,
                "autoscaleConfiguration": {
                    "minCapacity": 0,
                    "maxCapacity": 10
                }
            }
        },
        {
            "type": "Microsoft.Network/networkInterfaces",
            "apiVersion": "2019-07-01",
            "name": "[concat(variables('net_interface'), copyIndex(1))]",
            "location": "[parameters('location')]",
            "dependsOn": [
                "[resourceId('Microsoft.Network/publicIPAddresses', concat(parameters('publicIPAddressName'), copyIndex(1)))]",
                "[resourceId('Microsoft.Network/virtualNetworks', parameters('vnetName'))]",
                "[resourceId('Microsoft.Network/applicationGateways', parameters('appGatewayName'))]",
                "[resourceId('Microsoft.Network/networkSecurityGroups', concat(variables('nsg_name'), copyIndex(1)))]"
            ],
            "properties": {
                "ipConfigurations": [
                    {
                        "name": "[concat(variables('ipconfig_name'), copyIndex(1))]",
                        "properties": {
                            "privateIPAllocationMethod": "Dynamic",
                            "publicIPAddress": {
                                "id": "[resourceId('Microsoft.Network/publicIPAddresses', concat(parameters('publicIPAddressName'), copyIndex(1)))]"
                            },
                            "subnet": {
                                "id": "[resourceId('Microsoft.Network/virtualNetworks/subnets', parameters('vnetName'), 'myBackendSubnet')]"
                            },
                            "primary": true,
                            "privateIPAddressVersion": "IPv4",
                            "applicationGatewayBackendAddressPools": [
                                {
                                    "id": "[resourceId('Microsoft.Network/applicationGateways/backendAddressPools', parameters('appGatewayName'), 'myBackendPool')]"
                                }
                            ]
                        }
                    }
                ],
                "enableAcceleratedNetworking": false,
                "enableIPForwarding": false,
                "networkSecurityGroup": {
                    "id": "[resourceId('Microsoft.Network/networkSecurityGroups', concat(variables('nsg_name'), copyIndex(1)))]"
                }
            },
            "copy": {
                "name": "int-loop",
                "count": 2
            }
        }
    ]
}