{
    "$schema": "https://schema.management.azure.com/schemas/2019-04-01/deploymentTemplate.json#",
    "contentVersion": "1.0.0.0",
    "parameters": {
        "nicName": {
            "type": "string"
        },
        "location": {
            "type": "string"
        },
        "ipconfigName": {
            "type": "string"
        },
        "vnetName": {
            "type": "string"
        },
        "privateIPAllocationMethod": {
            "type": "string"
        },
        "publicIpAddressName": {
            "type": "string"
        },
        "nsgName": {
            "type": "string",
            "metadata": {
                "description":"NSG to be attached to the NIC"
            }
        },
        "appGatewayName": {
            "type": "string"
        },
        "newBackendPool": {
            "type": "string"
        }
    },
    "variables": {
        "publicIpRef": "[resourceId('Microsoft.Network/publicIPAddresses', parameters('publicIpAddressName'))]",
        "networkSecGroupId": "[resourceId('Microsoft.Network/networkSecurityGroups', parameters('nsgName'))]",
        "backendSubnet": "default"
    },
    "resources": [
        {
            "type": "Microsoft.Network/networkInterfaces",
            "apiVersion": "2019-07-01",
             "name": "[parameters('nicName')]",
            "location": "[parameters('location')]",
            "dependsOn": [
               
            ],
            "properties": {
                "ipConfigurations": [
                    {
                         "name": "[concat(parameters('ipconfigName'))]",
                        "properties": {
                            "privateIPAllocationMethod": "[parameters('privateIPAllocationMethod')]",
                            "publicIPAddress": {
                                "id": "[variables('publicIpRef')]"
                            },
                            "subnet": {
                                "id": "[resourceId('Microsoft.Network/virtualNetworks/subnets', parameters('vnetName'), variables('backendSubnet'))]"
                            },
                            "primary": true,
                            "privateIPAddressVersion": "IPv4",
                            "applicationGatewayBackendAddressPools": [
                                {
                                    "id": "[resourceId('Microsoft.Network/applicationGateways/backendAddressPools', parameters('appGatewayName'), parameters('newBackendPool'))]"
                                }
                            ]
                        }
                    }
                ],
                "enableAcceleratedNetworking": false,
                "enableIPForwarding": false,
                "networkSecurityGroup": {
                    "id": "[variables('networkSecGroupId')]"
                }
            }
        
        }
    ]
}
    