{
    "$schema": "https://schema.management.azure.com/schemas/2019-04-01/deploymentTemplate.json#",
    "contentVersion": "1.0.0.0",
    "parameters": {
        "appGatewayName": {
          "type": "string",
          "metadata": {
            "description": "Application gateway name"
          }         
        },
         "location": {
          "type": "string",          
          "metadata": {
            "description": "Location for all resources"
          }

        },
         "publicIpAddressName": {
          "type": "string",
          "metadata": {
            "description": "Application gateway name"
          }         
        },
        "BackendPoolName": {
          "type": "string"          
        },
        "gwvnetName": {
            "type": "string"
        }
       
    },
    "variables": {
       
     },
    "resources": [
        {
          "type": "Microsoft.Network/applicationGateways",
          "apiVersion": "2019-07-01",
          "name": "[parameters('appGatewayName')]",
          "location": "[parameters('location')]",
          "dependsOn": [
            "[resourceId('Microsoft.Network/virtualNetworks', parameters('gwvnetName'))]",
            "[resourceId('Microsoft.Network/publicIPAddresses', concat(parameters('publicIpAddressName'), '0'))]"
          ],
          "properties": {
            "sku": {
              "name": "Standard_v2",
              "tier": "Standard_v2"
            },
            "gatewayIPConfigurations": [
              {
                "name": "appGatewayIpConfig",
                "properties": {
                  "subnet": {
                    "id": "[resourceId('Microsoft.Network/virtualNetworks/subnets', parameters('gwvnetName'), 'myAGSubnet')]"
                  }
                }
              }
            ],
            "frontendIPConfigurations": [
              {
                "name": "appGwPublicFrontendIp",
                "properties": {
                  "privateIPAllocationMethod": "Dynamic",
                  "publicIPAddress": {
                    "id": "[resourceId('Microsoft.Network/publicIPAddresses', concat(parameters('publicIpAddressName')))]"
                  }
                }
              }
            ],
            "frontendPorts": [
              {
                "name": "port_80",
                "properties": {
                  "port": 80
                }
              }
            ],
            "backendAddressPools": [
              {
                "name": "[parameters('BackendPoolName')]",
                "properties": {}
              }
            ],
            "backendHttpSettingsCollection": [
              {
                "name": "myHTTPSetting",
                "properties": {
                  "port": 80,
                  "protocol": "Http",
                  "cookieBasedAffinity": "Disabled",
                  "pickHostNameFromBackendAddress": false,
                  "requestTimeout": 20
                }
              }
            ],
            "httpListeners": [
              {
                "name": "myListener",
                "properties": {
                  "frontendIPConfiguration": {
                    "id": "[resourceId('Microsoft.Network/applicationGateways/frontendIPConfigurations', parameters('appGatewayName'), 'appGwPublicFrontendIp')]"
                  },
                  "frontendPort": {
                    "id": "[resourceId('Microsoft.Network/applicationGateways/frontendPorts', parameters('appGatewayName'), 'port_80')]"
                  },
                  "protocol": "Http",
                  "requireServerNameIndication": false
                }
              }
            ],
            "requestRoutingRules": [
              {
                "name": "myRoutingRule",
                "properties": {
                  "ruleType": "Basic",
                  "httpListener": {
                    "id": "[resourceId('Microsoft.Network/applicationGateways/httpListeners', parameters('appGatewayName'), 'myListener')]"
                  },
                  "backendAddressPool": {
                    "id": "[resourceId('Microsoft.Network/applicationGateways/backendAddressPools', parameters('appGatewayName'), parameters('BackendPoolName'))]"
                  },
                  "backendHttpSettings": {
                    "id": "[resourceId('Microsoft.Network/applicationGateways/backendHttpSettingsCollection', parameters('appGatewayName'), 'myHTTPSetting')]"
                  }
                }
              }
            ],
            "enableHttp2": false,
            "autoscaleConfiguration": {
              "minCapacity": 0,
              "maxCapacity": 10
            }
          }
        }
    ]
  }