{
    "$schema": "https://schema.management.azure.com/schemas/2015-01-01/deploymentTemplate.json#",
    "contentVersion": "1.0.0.0",
    "parameters": {
        "vmName": {
            "type": "String",
            "defaultValue": "vmvmrr"
        },
        "diskName": {
            "type": "String",
            "defaultValue": "data2"
        },
        "lunNo": {
            "type": "int",
            "defaultValue": 0
        },
        "storageAccountType" : {
            "type": "string",
            "defaultValue": "StandardSSD_LRS"
        },
        "location": {
            "type": "String",
            "defaultValue": "westus"
        },
        "fileUris": {
            "type": "String",
			"defaultValue": "https://stitopssupport.blob.core.windows.net/armtemplates/DiskInitialize.ps1?sp=r&se=2021-02-02T20:59:59Z&sv=2019-12-12&sr=b&sig=YCaysmpleRGuc1MUB5Dei664KUg1wszdUZWWc%2F0%2FfCc%3D"
        },
        "arguments": {
            "defaultValue": " ",
            "type": "SecureString"
        }
    },
    "variables": {
         "UriFileNamePieces": "[split(parameters('fileUris'), '/')]",
        "firstFileNameString": "[variables('UriFileNamePieces')[sub(length(variables('UriFileNamePieces')), 1)]]",
        "firstFileNameBreakString": "[split(variables('firstFileNameString'), '?')]",
        "firstFileName": "[variables('firstFileNameBreakString')[0]]"
    },
    "resources": [{
            "type": "Microsoft.Compute/virtualMachines",
            "apiVersion": "2019-07-01",
            "name": "[parameters('vmName')]",
            "location": "[resourceGroup().location]",
            "properties": {

                "storageProfile": {
                    "dataDisks": [{
                            "lun": "[parameters('lunNo')]",
                            "name": "[parameters('diskName')]",
                            "createOption": "attach",
                            "managedDisk": {
                                "storageAccountType": "[parameters('storageAccountType')]",
                                "id": "[resourceId('Microsoft.Compute/disks/', parameters('diskName'))]"
                            }
                        }
                    ]
                }
            },
            "dependsOn": ["[resourceId('Microsoft.Compute/disks/', parameters('diskName'))]"]
        }, {
            "type": "Microsoft.Compute/disks",
            "apiVersion": "2018-06-01",
            "name": "[parameters('diskName')]",
            "location": "[resourceGroup().location]",
            "sku": {
                "name": "[parameters('storageAccountType')]"
            },
            "properties": {
                "creationData": {
                    "createOption": "Empty"
                },
                "diskSizeGB": 1023
            }
        },
        {
            "type": "Microsoft.Compute/virtualMachines/extensions",
            "apiVersion": "2015-06-15",
            "name": "[concat(parameters('vmName'),'/CustomScriptExtension')]",
            "location": "[parameters('location')]",
            "properties": {
                "publisher": "Microsoft.Compute",
                "type": "CustomScriptExtension",
                "typeHandlerVersion": "1.9",
                "autoUpgradeMinorVersion": true,
                "settings": {
                    "fileUris": "[split(parameters('fileUris'), ' ')]"
                },
                "protectedSettings": {
                    "commandToExecute": "[concat ('powershell -ExecutionPolicy Unrestricted -File ', variables('firstFileName'), ' ', parameters('arguments'))]"
                }
            }
        }

    ]
}