{
    "$schema": "https://schema.management.azure.com/schemas/2015-01-01/deploymentTemplate.json#",
    "contentVersion": "1.0.0.0",
    "parameters": {
		"lbName": {
			"type": "string",
			"defaultValue": "lb-public"
		},
		"newBackendPoolName": {
			"type": "string",
			"defaultValue": "NewLbBackPul"
		},
		"vnetName": {
			"type": "string",
			"defaultValue": "vnetlb"
		},
		"location": {
            "defaultValue": "westus",
            "type": "String",
            "metadata": {
                "description": "Region to deploy all resources."
            }
        },
		"lbPublicIpAddressName": {
		"defaultValue": "mypublicip",
            "type": "String"
		}
		
	},
    "resources": [
		{
          "apiVersion": "2020-05-01",
          "name": "[parameters('lbName')]",
          "type": "Microsoft.Network/loadBalancers",
          "location": "[parameters('location')]",
          "dependsOn": [
          ],
          "properties": {
            "frontendIPConfigurations": [
              {
                "name": "LoadBalancerFrontEnd",
                "properties": {
                  "publicIPAddress": {
                    "id": "[resourceId('Microsoft.Network/publicIPAddresses', parameters('lbPublicIpAddressName'))]"
                  }
                }
              }
            ],
            "backendAddressPools": [
              {
                "name": "[parameters('newBackendPoolName')]"
              }
            ],
            "loadBalancingRules": [
              {
                "name": "LBRule",
                "properties": {
                  "frontendIPConfiguration": {
                    "id": "[resourceId('Microsoft.Network/loadBalancers/frontendIPConfigurations', parameters('lbName'), 'LoadBalancerFrontEnd')]"
                  },
                  "backendAddressPool": {
                    "id": "[resourceId('Microsoft.Network/loadBalancers/backendAddressPools', parameters('lbName'), parameters('newBackendPoolName'))]"

                  },
                  "protocol": "Tcp",
                  "frontendPort": 80,
                  "backendPort": 80,
                  "enableFloatingIP": false,
                  "idleTimeoutInMinutes": 5,
                  "probe": {
                    "id": "[resourceId('Microsoft.Network/loadBalancers/probes', parameters('lbName'), 'tcpProbe')]"
                  }
                }
              }
            ],
            "probes": [
              {
                "name": "tcpProbe",
                "properties": {
                  "protocol": "Tcp",
                  "port": 80,
                  "intervalInSeconds": 5,
                  "numberOfProbes": 2
                }
              }
            ]
          }
        }
]
}