{
    "$schema": "https://schema.management.azure.com/schemas/2019-04-01/deploymentTemplate.json#",
    "contentVersion": "1.0.0.0",
    "parameters": {
        "artifactsLocation": {
            "defaultValue": "https://stitopssupport.blob.core.windows.net/armtemplates/",
            "type": "String",
            "metadata": {
                "description": "Location of the linked templates"
            }
        },
        "artifactsSasToken": {
            "defaultValue": "?sp=rl&st=2021-01-04T10:37:55Z&se=2021-12-31T10:37:00Z&sv=2019-12-12&sr=c&sig=jr4Od6fNeOiwx4MOq5QtqOtymJ0l3Q5HudRXzHB%2F8vU%3D",
            "type": "String",
            "metadata": {
                "description": "Sas token for the nested scripts"
            }
        },
        "regionToDeploy": {
            "defaultValue": "westus",
            "type": "String",
            "metadata": {
                "description": "Region to deploy all resources."
            }
        },
        "isBootDiagnosticsForVM": {
            "defaultValue": "No",
            "allowedValues": [
                "Yes",
                "No"
            ],
            "type": "String",
            "metadata": {
                "description": "Do you want boot diagnostics or not?"
            }
        },
        "vmDiagStorageAccountName": {
            "defaultValue": "myhexstore",
            "type": "String",
            "metadata": {
                "description": "This is the name of the storage account using for VM boot diagnostics"
            }
        },
        "isNewAvailabilitySet": {
            "defaultValue": "No",
            "allowedValues": [
                "Yes",
                "No"
            ],
            "type": "String",
            "metadata": {
                "description": "Do you want availability set?"
            }
        },
        "vmNamePrefix": {
            "defaultValue": "vmhex",
            "maxLength": 11,
            "type": "String",
            "metadata": {
                "description": "This is the prefix to use in all VM instances name"
            }
        },
        "nicName": {
            "defaultValue": "mynic0",
            "type": "String"
        },
        "ipconfigName": {
            "defaultValue": "ipconfig",
            "type": "String"
        },
        "vnetName": {
            "defaultValue": "vnetappgw",
            "type": "String"
        },
        "subnetName": {
            "defaultValue": "default",
            "type": "String"
        },
        "privateIPAllocationMethod": {
            "defaultValue": "Dynamic",
            "type": "String"
        },
        "publicIpAddressName": {
            "defaultValue": "gwhexapublic",
            "type": "String"
        },
        "nsgName": {
            "defaultValue": "vmhex-nsg",
            "type": "String",
            "metadata": {
                "description": "NSG to be attached to the NIC"
            }
        },
        "appGatewayName": {
            "defaultValue": "myappgwnew",
            "type": "String"
        },
        "newBackendPool": {
            "defaultValue": "newBackendpool",
            "type": "String"
        },
          "vmNumberOfInstances": {
            "minValue": 1,
            "maxValue": 5,
            "type": "Int",
            "metadata": {
              "description": "Number of VMs to deploy, limit 5 since this template is using a single storage account"
            },
            "defaultValue": 1
          },
          "vmNumberOffset": {
            "defaultValue": 0,
            "minValue": 0,
            "maxValue": 100,
            "type": "Int",
            "metadata": {
              "description": "Number to start vm unique ID sequence from"
            }
          },
          "isPublicIpAddress": {
            "type": "string",
            "allowedValues": [
              "Yes",
              "No"
            ],
            "metadata": {
              "description": "Do you want public IP's for your VMs?"
            },
            "defaultValue": "No"
          },
          "imageOffer": {
            "type": "string",
            "metadata": {
              "description": "Image Of Virtual Machine."
            },
            "defaultValue": "{{imageOffer}}"
          },
          "imageSku": {
            "type": "string",
            "metadata": {
              "description": "Sku of the OS."
            },
            "defaultValue": "{{imageSku}}"
          },
          "imagePublisher": {
            "type": "string",
            "metadata": {
              "description": "The organization that created the image"
            },
            "defaultValue": "{{imagePublisher}}"
          },
          "imageReference": {
            "type": "string",
            "metadata": {
              "description": "The image reference"
            },
            "defaultValue": "{{imageReference}}"
          }
    },
    "variables": {
        "createVmDeploymentName": "NewVmDeployment",
        "virtualMachineDeploymentLinkedTemplateURI": "[concat(parameters('artifactsLocation'), 'virtualMachineCreation.json', parameters('artifactsSasToken'))]",
        "windowsDomainJoinDeploymentName": "NewVmDomainJoinDeployment",
        "windowsDomainJoinDeploymentLinkedTemplateURI": "[concat(parameters('artifactsLocation'), 'windowsVMDomainJoin.json', parameters('artifactsSasToken'))]",
        "nsgDeploymentLinkedTemplateURI": "[concat(parameters('artifactsLocation'), 'nsgCreation.json', parameters('artifactsSasToken'))]",
        "nsgDeploymentName": "NewNSGDeployment",
        "nicLinkedTemplateURI": "[concat(parameters('artifactsLocation'),'appGatewayNIC.json', parameters('artifactsSasToken'))]",
        "nicDeploymentName": "NewNIC",
        "availabilitySetLinkedTemplateURI": "[concat(parameters('artifactsLocation'), 'availabilitySetCreation.json', parameters('artifactsSasToken'))]",
        "avsetDeploymentName": "NewAvailabilitySet",
        "publicIPAddressLinkedTemplateURI": "[concat(parameters('artifactsLocation'), 'publicIpAddressCreation.json', parameters('artifactsSasToken'))]",
        "publicIPAddressDeploymentName": "NewPublicIp",
        "storageAccountLinkedTemplateURI": "[concat(parameters('artifactsLocation'),'storageAccountCreation.json', parameters('artifactsSasToken'))]",
        "storageAccountDeploymentName": "NewStorageAccount",
        "vmDiagStorageAccountName": "[concat(toLower(parameters('vmDiagStorageAccountName')))]",
        "availabilitySetName": "[concat(parameters('vmNamePrefix'), '-avset')]",
        "vmNetworkSecurityGroupName": "[concat(parameters('vmNamePrefix'),'-nsg')]",
		"vmInstancesAttributes": {
            "copy": [
              {
                "name": "vms",
                "count": "[parameters('vmNumberOfInstances')]",
                "input": {
                  "vmName": "[concat(parameters('vmNamePrefix'), padLeft(copyIndex('vms',parameters('vmNumberOffset')), 2, '0'))]",
                  "vmOsDiskName": "[concat(parameters('vmNamePrefix'), '-OSDisk-',copyIndex('vms'))]",
                  "vmNicName": "[concat(parameters('vmNamePrefix'), '-nic-', copyIndex('vms'))]",
                  "vmPublicIpName": "[concat(parameters('vmNamePrefix'),'-pip-',copyIndex('vms'))]"
                }
              }
            ]
          }
    },
    "resources": [
        {
            "type": "Microsoft.Resources/deployments",
            "apiVersion": "2019-10-01",
            "name": "[variables('storageAccountDeploymentName')]",
            "properties": {
                "mode": "Incremental",
                "templateLink": {
                    "uri": "[variables('storageAccountLinkedTemplateURI')]"
                },
                "parameters": {
                    "location": {
                        "value": "[parameters('regionToDeploy')]"
                    },
                    "storageAccountName": {
                        "value": "[variables('vmDiagStorageAccountName')]"
                    },
                    "accountType": {
                        "value": "Standard_GRS"
                    },
                    "kind": {
                        "value": "StorageV2"
                    },
                    "accessTier": {
                        "value": "Hot"
                    }
                }
            },
            "condition": "[equals(parameters('isBootDiagnosticsForVM'), 'Yes')]"
        },
		{
            "type": "Microsoft.Resources/deployments",
            "name": "[concat(variables('publicIPAddressDeploymentName'),copyIndex())]",
            "apiVersion": "2019-10-01",
            "comments": "This is linked template for public IP Address deployment",
            "properties": {
              "mode": "Incremental",
              "templateLink": {
                "uri": "[variables('publicIPAddressLinkedTemplateURI')]"
              },
              "parameters": {
                "name": {
                  "value": "[variables('vmInstancesAttributes').vms[copyIndex()].vmPublicIpName]"
                },
                "location": {
                  "value": "[parameters('regionToDeploy')]"
                },
                "sku": {
                  "value": "Basic"
                },
                "publicIPAllocationMethod": {
                  "value": "Dynamic"
                },
                "idleTimeoutInMinutes": {
                  "value": "4"
                },
                "domainNameLabel": {
                  "value": "[variables('vmInstancesAttributes').vms[copyIndex()].vmPublicIpName]"
                },
                "publicIpAddressVersion": {
                  "value": "IPv4"
                }
              }
            },
            "condition": "[equals(parameters('isPublicIpAddress'),'Yes')]",
            "copy": {
              "name": "publicIpLoop",
              "count": "[parameters('vmNumberOfInstances')]"
            }
          },
        {
            "type": "Microsoft.Resources/deployments",
            "apiVersion": "2019-10-01",
            "name": "[variables('avsetDeploymentName')]",
            "properties": {
                "mode": "Incremental",
                "templateLink": {
                    "uri": "[variables('availabilitySetLinkedTemplateURI')]"
                },
                "parameters": {
                    "location": {
                        "value": "[parameters('regionToDeploy')]"
                    },
                    "avsetName": {
                        "value": "[variables('availabilitySetName')]"
                    },
                    "faultDomainCount": {
                        "value": "2"
                    },
                    "updateDomainCount": {
                        "value": "3"
                    },
                    "skuName": {
                        "value": "Aligned"
                    }
                }
            },
            "condition": "[equals(parameters('isNewAvailabilitySet'), 'Yes')]"
        },
        {
            "type": "Microsoft.Resources/deployments",
            "apiVersion": "2019-10-01",
            "name": "[variables('nsgDeploymentName')]",
            "properties": {
                "mode": "Incremental",
                "templateLink": {
                    "uri": "[variables('nsgDeploymentLinkedTemplateURI')]"
                },
                "parameters": {
                    "networkSecurityGroupName": {
                        "value": "[variables('vmNetworkSecurityGroupName')]"
                    },
                    "location": {
                        "value": "[parameters('regionToDeploy')]"
                    }
                }
            }
        },
        {
            "type": "Microsoft.Resources/deployments",
            "apiVersion": "2019-10-01",
            "name": "[concat(variables('nicDeploymentName'))]",
            "dependsOn": [
                "[variables('nsgDeploymentName')]"
            ],
            "properties": {
                "mode": "Incremental",
                "templateLink": {
                    "uri": "[variables('nicLinkedTemplateURI')]"
                },
                "parameters": {
                    "nicName": {
                        "value": "[parameters('nicName')]"
                    },
                    "location": {
                        "value": "[parameters('regionToDeploy')]"
                    },
                    "ipconfigName": {
                        "value": "[parameters('ipconfigName')]"
                    },
                    "vnetName": {
                        "value": "[parameters('vnetName')]"
                    },
                    "privateIPAllocationMethod": {
                        "value": "[parameters('privateIPAllocationMethod')]"
                    },
                    "publicIpAddressName": {
                         "value": "[variables('vmInstancesAttributes').vms[copyIndex()].vmPublicIpName]"
                    },
                    "nsgName": {
                        "value": "[parameters('nsgName')]",
                        "metadata": {
                            "description": "NSG to be attached to the NIC"
                        }
                    },
                    "appGatewayName": {
                        "value": "[parameters('appGatewayName')]"
                    },
                    "newBackendPool": {
                        "value": "[parameters('newBackendPool')]"
                    }
                }
            }
        }
    ]
}