{
    "$schema": "https://schema.management.azure.com/schemas/2019-04-01/deploymentTemplate.json#",
    "contentVersion": "1.0.0.0",
    "parameters": {
        "networkInterfaceName": {
            "type": "string"
        },
        "location": {
            "type": "string"
        },
        "vnetName": {
            "type": "string"
        },
        "subnetName": {
            "type": "string"
        },
        "privateIPAllocationMethod": {
            "type": "string"
        },
        "publicIpAddressName": {
            "type": "string"
        },
        "nsgName": {
            "type": "string",
            "metadata": {
                "description":"NSG to be attached to the NIC"
            }
        },
        "requirePublicIpAddress": {
            "type": "string",
            "allowedValues": [
                "Yes",
                "No"
            ],
            "metadata": {
                "description": "Does the NIC require to have public IP Address."
            }
        },
         "appGatewayName": {
          "type": "string",
          "metadata": {
            "description": "Load Balancer name"
          }         
        },
        "BackendPoolName": {
          "type": "string"          
        }
    },
    "variables": {
        "publicIpRef": "[resourceId('Microsoft.Network/publicIPAddresses', parameters('publicIpAddressName'))]",
        "networkSecGroupId": "[resourceId('Microsoft.Network/networkSecurityGroups', parameters('nsgName'))]",
        "subnetRefId": "[concat(resourceId('Microsoft.Network/virtualNetworks',parameters('vnetName')),'/subnets/',parameters('subnetName'))]",
        "publicIpPresent": {
                            "privateIPAllocationMethod": "[parameters('privateIPAllocationMethod')]",
                            "subnet": {
                                "id": "[variables('subnetRefId')]"
                            },
                            "publicIPAddress": {
                                "id": "[variables('publicIpRef')]"
                            },                            
                            "applicationGatewayBackendAddressPools": [
                                {
                                "id": "[resourceId('Microsoft.Network/applicationGateways/backendAddressPools', parameters('appGatewayName'), parameters('BackendPoolName'))]"
                                }
                            ]
                        },
        "publicIpNotPresent": {
            "privateIPAllocationMethod": "[parameters('privateIPAllocationMethod')]",
                            "subnet": {
                                "id": "[variables('subnetRefId')]"
                            },                            
                            "applicationGatewayBackendAddressPools": [
                                {
                                "id": "[resourceId('Microsoft.Network/applicationGateways/backendAddressPools', parameters('appGatewayName'), parameters('BackendPoolName'))]"
                                }
                            ]
                        }
    },
    "resources": [
        {
            "name": "[parameters('networkInterfaceName')]",
            "type": "Microsoft.Network/networkInterfaces",
            "apiVersion": "2019-07-01",
            "location": "[parameters('location')]",
            "properties": {
                "ipConfigurations": [
                    {
                        "name": "ipconfig1",
                        "properties": "[if(equals(parameters('requirePublicIpAddress'),'Yes'),variables('publicIpPresent'),variables('publicIpNotPresent'))]"
                        
                    }
                ],
                "networkSecurityGroup": {
                    "id": "[variables('networkSecGroupId')]"
                }
                 
               
            },
            "tags": {}
        }
    ]
}