{
    "$schema": "https://schema.management.azure.com/schemas/2019-04-01/deploymentTemplate.json#",
    "contentVersion": "1.0.0.0",
    "parameters": {
      "location": {
        "type": "string",
        "metadata": {
          "description": "Location for the VM, only certain regions support zones."
        }
      },
      "trafficManagerDnsName": {
        "type": "string",
        "metadata": {
          "description": "Relative DNS name for the traffic manager profile, must be globally unique."
        }
      },
      "adminUsername": {
        "type": "string",
        "metadata": {
          "description": "User name for the Virtual Machines."
        }
      },
      "publicIpDnsName": {
        "type": "string",
        "metadata": {
          "description": "Relative DNS Name for the Public IPs used to access the Virtual Machines, must be globally unique.  An index will be appended for each instance."
        }
      },
      "numberOfVms": {
        "type": "int",
        "defaultValue": 2,
        "minValue": 1,
        "maxValue": 10,
        "metadata": {
          "description": "Number of VMs to provision"
        }
      },
      "vmSize": {
        "type": "string",
        "defaultValue": "Standard_A2_v2",
        "metadata": {
          "description": "Size of the virtual machines"
        }
      },
      "ubuntuOSVersion": {
        "type": "string",
        "defaultValue": "18.04-LTS",
        "allowedValues": [
          "18.04-LTS",
          "16.04.0-LTS",
          "14.04.5-LTS"
        ],
        "metadata": {
          "description": "The Ubuntu version for the VM. This will pick a fully patched image of this given Ubuntu version. Allowed values: 18.04-LTS, 16.04.0-LTS, 14.04.5-LTS."
        }
      },
      "authenticationType": {
        "type": "string",
        "defaultValue": "password",
        "allowedValues": [
          "sshPublicKey",
          "password"
        ],
        "metadata": {
          "description": "Type of authentication to use on the Virtual Machine. SSH key is recommended."
        }
      },
      "adminPasswordOrKey": {
        "type": "securestring",
        "metadata": {
          "description": "SSH Key or password for the Virtual Machine. SSH key is recommended."
        }
      },
      "_artifactsLocation": {
        "type": "string",
        "defaultValue": "https://raw.githubusercontent.com/Azure/azure-quickstart-templates/master/201-traffic-manager-vm-zones/",
        "metadata": {
          "description": "The base URI where artifacts required by this template are located. When the template is deployed using the accompanying scripts, a private location in the subscription will be used and this value will be automatically generated."
        }
      },
      "_artifactsLocationSasToken": {
        "type": "securestring",
        "metadata": {
          "description": "The sasToken required to access _artifactsLocation.  When the template is deployed using the accompanying scripts, a sasToken will be automatically generated."
        },
        "defaultValue": ""
      }
    },
    "variables": {
      "nicName": "myVMNic",
      "subnetName": "Subnet-1",
      "publicIPAddressName": "myPublicIP",
      "vmName": "MyUbuntuVM",
      "virtualNetworkName": "MyVNET",
      "networkSecurityGroupName": "MyNSG",
      "subnetRef": "[resourceId('Microsoft.Network/virtualNetworks/subnets/', variables('virtualNetworkName'), variables('subnetName'))]",
      "linuxImage": {
        "publisher": "Canonical",
        "offer": "UbuntuServer",
        "sku": "[parameters('ubuntuOSVersion')]",
        "version": "latest"
      },
      "linuxConfiguration": {
        "disablePasswordAuthentication": true,
        "ssh": {
          "publicKeys": [
            {
              "path": "[concat('/home/', parameters('adminUsername'), '/.ssh/authorized_keys')]",
              "keyData": "[parameters('adminPasswordOrKey')]"
            }
          ]
        }
      }
    },
    "resources": [
      {
        "type": "Microsoft.Network/publicIPAddresses",
        "apiVersion": "2020-05-01",
        "name": "[concat(variables('publicIPAddressName'), copyIndex())]",
        "zones": "[split(string(add(mod(copyIndex(),3),1)), ',')]",
        "sku": {
          "name": "Standard"
        },
        "copy": {
          "name": "ipLoop",
          "count": "[parameters('numberOfVms')]"
        },
        "location": "[parameters('location')]",
        "properties": {
          "publicIPAllocationMethod": "Static",
          "dnsSettings": {
            "domainNameLabel": "[concat(parameters('publicIpDnsName'), copyindex())]"
          }
        }
      },
      {
        "type": "Microsoft.Network/virtualNetworks",
        "apiVersion": "2020-05-01",
        "name": "[variables('virtualNetworkName')]",
        "location": "[parameters('location')]",
        "properties": {
          "addressSpace": {
            "addressPrefixes": [
              "10.0.0.0/16"
            ]
          },
          "subnets": [
            {
              "name": "[variables('subnetName')]",
              "properties": {
                "addressPrefix": "10.0.0.0/24"
              }
            }
          ]
        }
      },
      {
        "type": "Microsoft.Network/networkInterfaces",
        "apiVersion": "2020-05-01",
        "name": "[concat(variables('nicName'), copyIndex())]",
        "copy": {
          "name": "nicLoop",
          "count": "[parameters('numberOfVms')]"
        },
        "location": "[parameters('location')]",
        "dependsOn": [
          "ipLoop",
          "[variables('virtualNetworkName')]",
          "[resourceId('Microsoft.Network/networkSecurityGroups', variables('networkSecurityGroupName'))]"
        ],
        "properties": {
          "ipConfigurations": [
            {
              "name": "ipconfig1",
              "properties": {
                "privateIPAllocationMethod": "Dynamic",
                "publicIPAddress": {
                  "id": "[resourceId('Microsoft.Network/publicIPAddresses', concat(variables('publicIPAddressName'), copyIndex()))]"
                },
                "subnet": {
                  "id": "[variables('subnetRef')]"
                }
              }
            }
          ],
          "networkSecurityGroup": {
            "id": "[resourceId('Microsoft.Network/networkSecurityGroups', variables('networkSecurityGroupName'))]"
          }
        }
      },
      {
        "type": "Microsoft.Compute/virtualMachines",
        "apiVersion": "2019-12-01",
        "name": "[concat(variables('vmName'), copyIndex())]",
        "zones": "[split(string(add(mod(copyIndex(),3),1)), ',')]",
        "location": "[parameters('location')]",
        "copy": {
          "name": "vmLoop",
          "count": "[parameters('numberOfVms')]"
        },
        "dependsOn": [
          "nicLoop"
        ],
        "properties": {
          "hardwareProfile": {
            "vmSize": "[parameters('vmSize')]"
          },
          "osProfile": {
            "computerName": "[variables('vmName')]",
            "adminUsername": "[parameters('adminUsername')]",
            "adminPassword": "[parameters('adminPasswordOrKey')]",
            "linuxConfiguration": "[if(equals(parameters('authenticationType'), 'password'), json('null'), variables('linuxConfiguration'))]"
          },
          "storageProfile": {
            "imageReference": "[variables('linuxImage')]",
            "osDisk": {
              "createOption": "FromImage"
            }
          },
          "networkProfile": {
            "networkInterfaces": [
              {
                "id": "[resourceId('Microsoft.Network/networkInterfaces', concat(variables('nicName'), copyIndex()))]"
              }
            ]
          }
        },
        "resources": [
          {
            "type": "extensions",
            "apiVersion": "2019-12-01",
            "name": "[concat(variables('vmName'), copyIndex(), '-installcustomscript')]",
            "location": "[parameters('location')]",
            "dependsOn": [
              "[resourceId('Microsoft.Compute/virtualMachines/', concat(variables('vmName'), copyIndex()))]"
            ],
            "properties": {
              "publisher": "Microsoft.Azure.Extensions",
              "type": "CustomScript",
              "typeHandlerVersion": "2.0",
              "autoUpgradeMinorVersion": true,
              "settings": {
                "fileUris": [
                  "[uri(parameters('_artifactsLocation'), concat('install_apache.sh', parameters('_artifactsLocationSasToken')))]"
                ],
                "commandToExecute": "sh install_apache.sh"
              }
            }
          }
        ]
      },
      {
        "apiVersion": "2018-08-01",
        "type": "Microsoft.Network/trafficManagerProfiles",
        "name": "VMEndpointExample",
        "location": "global",
        "dependsOn": [
          "ipLoop"
        ],
        "properties": {
          "profileStatus": "Enabled",
          "trafficRoutingMethod": "Weighted",
          "dnsConfig": {
            "relativeName": "[parameters('trafficManagerDnsName')]",
            "ttl": 30
          },
          "monitorConfig": {
            "protocol": "HTTP",
            "port": 80,
            "path": "/"
          },
          "copy": [
            {
              "name": "endpoints",
              "count": "[parameters('numberOfVms')]",
              "input": {
                "name": "[concat('endpoint', copyIndex('endpoints'))]",
                "type": "Microsoft.Network/trafficManagerProfiles/azureEndpoints",
                "properties": {
                  "targetResourceId": "[resourceId('Microsoft.Network/publicIPAddresses', concat(variables('publicIPAddressName'), copyIndex('endpoints')))]",
                  "endpointStatus": "Enabled",
                  "weight": 1
                }
              }
            }
          ]
        }
      },
      {
        "type": "Microsoft.Network/networkSecurityGroups",
        "apiVersion": "2020-05-01",
        "name": "[variables('networkSecurityGroupName')]",
        "location": "[parameters('location')]",
        "properties": {
          "securityRules": [
            {
              "name": "Port_80",
              "properties": {
                "protocol": "*",
                "sourcePortRange": "*",
                "destinationPortRange": "80",
                "sourceAddressPrefix": "*",
                "destinationAddressPrefix": "*",
                "access": "Allow",
                "priority": 100,
                "direction": "Inbound"
              }
            }
          ]
        }
      }
    ],
    "outputs": {
      "trafficManagerFqdn": {
        "type": "string",
        "value": "[reference('VMEndpointExample', '2018-04-01').dnsConfig.fqdn]"
      },
      "trafficManagerEndpoints": {
        "type": "array",
        "value": "[reference('VMEndpointExample', '2018-04-01').endpoints]"
      }
    }
  }