{
    "$schema": "https://schema.management.azure.com/schemas/2019-04-01/deploymentTemplate.json#",
    "contentVersion": "1.0.0.0",
    "parameters": {
        "artifactsLocation": {
            "type": "string",
            "metadata": {
              "description": "Location of the linked templates"
            },
            "defaultValue": "https://stitopssupport.blob.core.windows.net/armtemplates/"
          },
          "artifactsSasToken": {
            "type": "string",
            "defaultValue": "?sp=rl&st=2020-12-10T06:55:43Z&se=2020-12-31T06:55:00Z&sv=2019-12-12&sr=c&sig=r%2Bve5gdaamdFVVEIGv3muK4mQHNae2igbMvB2WVFAP0%3D",
            "metadata": {
              "description": "Sas token for the nested scripts"
            }
          },
          "regionToDeploy": {
            "type": "String",
            "metadata": {
              "description": "Region to deploy all resources."
            },
            "defaultValue": "westus"
          },
          "isBootDiagnosticsForVM": {
            "type": "string",
            "allowedValues": [
              "Yes",
              "No"
            ],
            "metadata": {
              "description": "Do you want boot diagnostics or not?"
            },
            "defaultValue": "Yes"
          },
          "vmDiagStorageAccountName": {
            "type": "string",
            "metadata": {
              "description": "This is the name of the storage account using for VM boot diagnostics"
            },
            "defaultValue": "myhexstore"
          },
          "isNewAvailabilitySet": {
            "type": "string",
            "allowedValues": [
              "Yes",
              "No"
            ],
            "metadata": {
              "description": "Do you want availability set?"
            },
            "defaultValue": "{{isNewAvailabilitySet}}"
          },
          "vmNamePrefix": {
            "maxLength": 11,
            "type": "String",
            "metadata": {
              "description": "This is the prefix to use in all VM instances name"
            },
            "defaultValue": "vmhex"
          },
          "existingVnetName": {
            "type": "string",
            "metadata": {
              "description": "Name of the existing Virtual Network which is connected to Domain controller"
            },
            "defaultValue": "{{existingVnetName}}"
          },
          "existingSubnetName": {
            "type": "string",
            "metadata": {
              "description": "Name of the existing subnet attached to Vnet"
            },
            "defaultValue": "{{existingSubnetName}}"
          },
          "nicName": {
            "type": "string",
            "defaultValue": ""
          },
        "ipconfigName": {
            "type": "string",
            "defaultValue": ""
        },
        "vnetName": {
            "type": "string",
            "defaultValue": ""
        },
        "subnetName": {
            "type": "string",
            "defaultValue": ""
        },
        "privateIPAllocationMethod": {
            "type": "string",
            "defaultValue": ""
        },
        "publicIpAddressName": {
            "type": "string",
            "defaultValue": ""
        },
        "nsgName": {
            "type": "string",
            "metadata": {
                "description":"NSG to be attached to the NIC"
            },
            "defaultValue": ""
        },
        "appGatewayName": {
            "type": "string",
            "defaultValue": ""
        },
        "newBackendPool": {
            "type": "string",
            "defaultValue": ""
        },
        "backendSubnet": {
            "type": "string",
            "defaultValue": ""
        }
    },

    "variables": {
          "createVmDeploymentName": "NewVmDeployment",
          "virtualMachineDeploymentLinkedTemplateURI": "[concat(parameters('artifactsLocation'), 'virtualMachineCreation.json', parameters('artifactsSasToken'))]",
          "windowsDomainJoinDeploymentName": "NewVmDomainJoinDeployment",
          "windowsDomainJoinDeploymentLinkedTemplateURI": "[concat(parameters('artifactsLocation'), 'windowsVMDomainJoin.json', parameters('artifactsSasToken'))]",
          "nsgDeploymentLinkedTemplateURI": "[concat(parameters('artifactsLocation'), 'nsgCreation.json', parameters('artifactsSasToken'))]",
          "nsgDeploymentName": "NewNSGDeployment",
          "nicLinkedTemplateURI": "[concat(parameters('artifactsLocation'),'appGatewayNIC.json', parameters('artifactsSasToken'))]",
          "nicDeploymentName": "NewNIC",
          "availabilitySetLinkedTemplateURI": "[concat(parameters('artifactsLocation'), 'availabilitySetCreation.json', parameters('artifactsSasToken'))]",
          "avsetDeploymentName": "NewAvailabilitySet",
          "publicIPAddressLinkedTemplateURI": "[concat(parameters('artifactsLocation'), 'publicIpAddressCreation.json', parameters('artifactsSasToken'))]",
          "publicIPAddressDeploymentName": "NewPublicIp",
          "storageAccountLinkedTemplateURI": "[concat(parameters('artifactsLocation'),'storageAccountCreation.json', parameters('artifactsSasToken'))]",
          "storageAccountDeploymentName": "NewStorageAccount",
          "vmDiagStorageAccountName": "[concat(toLower(parameters('vmDiagStorageAccountName')))]",
          "availabilitySetName": "[concat(parameters('vmNamePrefix'), '-avset')]",
           "vmNetworkSecurityGroupName": "[concat(parameters('vmNamePrefix'),'-nsg')]"

    },
    "resources": [
        {
            "type": "Microsoft.Resources/deployments",
            "apiVersion": "2019-10-01",
            "name": "[variables('storageAccountDeploymentName')]",
            "comments": "This is a linked template for Storage Account",
            "properties": {
              "mode": "Incremental",
              "templateLink": {
                "uri": "[variables('storageAccountLinkedTemplateURI')]"
              },
              "parameters": {
                "location": {
                  "value": "[parameters('regionToDeploy')]"
                },
                "storageAccountName": {
                  "value": "[variables('vmDiagStorageAccountName')]"
                },
                "accountType": {
                  "value": "Standard_GRS"
                },
                "kind": {
                  "value": "StorageV2"
                },
                "accessTier": {
                  "value": "Hot"
                }
              }
            },
            "condition": "[equals(parameters('isBootDiagnosticsForVM'), 'Yes')]"
          },
          {
            "type": "Microsoft.Resources/deployments",
            "name": "[variables('avsetDeploymentName')]",
            "apiVersion": "2019-10-01",
            "comments": "This is a linked template to create availability set",
            "properties": {
              "mode": "Incremental",
              "templateLink": {
                "uri": "[variables('availabilitySetLinkedTemplateURI')]"
              },
              "parameters": {
                "location": {
                  "value": "[parameters('regionToDeploy')]"
                },
                "avsetName": {
                  "value": "[variables('availabilitySetName')]"
                },
                "faultDomainCount": {
                  "value": "2"
                },
                "updateDomainCount": {
                  "value": "3"
                },
                "skuName": {
                  "value": "Aligned"
                }
              }
            },
            "condition": "[equals(parameters('isNewAvailabilitySet'), 'Yes')]"
          },
          {
            "type": "Microsoft.Resources/deployments",
            "apiVersion": "2019-10-01",
            "comments": "This is a linked template to create a Network Security for Virtual Machine",
            "name": "[variables('nsgDeploymentName')]",
            "properties": {
              "mode": "Incremental",
              "templateLink": {
                "uri": "[variables('nsgDeploymentLinkedTemplateURI')]"
              },
              "parameters": {
                "networkSecurityGroupName": {
                  "value": "[variables('vmNetworkSecurityGroupName')]"
                },
                "location": {
                  "value": "[parameters('regionToDeploy')]"
                }
              }
            }
          },
          {
            "type": "Microsoft.Resources/deployments",
            "name": "[concat(variables('nicDeploymentName'),copyIndex())]",
            "apiVersion": "2019-10-01",
            "comments": "This is a linked template for Network Interface creation",
            "dependsOn": [
              "[variables('nsgDeploymentName')]",
              "publicIpLoop"
            ],
            "properties": {
              "mode": "Incremental",
              "templateLink": {
                "uri": "[variables('nicLinkedTemplateURI')]"
              },
              "parameters": {
                "nicName": {
            "value":"[parameters('nicName')]"
        },
        "location": {
            "value":"[parameters('regionToDeploy')]"
        },
        "ipconfigName": {
            "value":"[parameters('ipconfigName')]"
        },
        "vnetName": {
            "value":"[parameters('vnetName')]"
        },
        "subnetName": {
            "value":"[parameters('subnetName')]"
        },
        "privateIPAllocationMethod": {
            "value":"[parameters('privateIPAllocationMethod')]"
        },
        "publicIpAddressName": {
            "value":"[parameters('publicIpAddressName')]"
        },
        "nsgName": {
            "value":"[parameters('nsgName')]",
            "metadata": {
                "description":"NSG to be attached to the NIC"
            }
        },
        "appGatewayName": {
            "value":"[parameters('appGatewayName')]"
        },
        "newBackendPool": {
            "value":"[parameters('newBackendPool')]"
        },
        "backendSubnet": {
            "value":"[parameters('backendSubnet')]"
        }
              }
            }
          }

    ]
}