{
  "$schema": "https://schema.management.azure.com/schemas/2019-04-01/deploymentTemplate.json#",
  "contentVersion": "1.0.0.0",
  "parameters": {
    "adminUsername": {
      "type": "string",
      "metadata": {
        "description": "Admin username for the backend servers"
      }
    },
    "adminPassword": {
      "type": "securestring",
      "metadata": {
        "description": "Password for the admin account on the backend servers"
      }
    },
    "location": {
      "type": "string",
      "defaultValue": "[resourceGroup().location]",
      "metadata": {
        "description": "Location for all resources."
      }
    },
    "uniqueDnsName": {
      "type": "string",
      "metadata": {
        "description": "Relative DNS name for the traffic manager profile, must be globally unique."
      }
},
    "vmSize": {
      "type": "string",
      "defaultValue": "Standard_B2ms",
      "metadata": {
        "description": "Size of the virtual machine."
      }
    }
  },
  "variables": {
    "virtualMachines_myVM_name": "myVM",
    "virtualNetworks_myVNet_name": "myVNet",
    "net_interface": "net-int",
    "ipconfig_name": "ipconfig",
    "publicIPAddress": "public_ip",
    "nsg_name": "vm-nsg",
    "applicationGateways_myAppGateway_name": "myAppGateway",
    "vnet_prefix": "10.0.0.0/16",
    "ag_subnet_prefix": "10.0.0.0/24",
    "backend_subnet_prefix": "10.0.1.0/24"
  },
  "resources": [
    {
      "type": "Microsoft.Network/networkSecurityGroups",
      "apiVersion": "2020-06-01",
      "name": "[concat(variables('nsg_name'), copyIndex(1))]",
      "location": "[parameters('location')]",
      "copy": {
        "name": "nsg-loop",
        "count": 2
      },
      "properties": {
        "securityRules": [
          {
            "name": "RDP",
            "properties": {
              "protocol": "TCP",
              "sourcePortRange": "*",
              "destinationPortRange": "3389",
              "sourceAddressPrefix": "*",
              "destinationAddressPrefix": "*",
              "access": "Allow",
              "priority": 300,
              "direction": "Inbound"
            }
          }
        ]
      }
    },
    {
      "type": "Microsoft.Network/publicIPAddresses",
      "apiVersion": "2020-06-01",
      "name": "[concat(variables('publicIPAddress'), copyIndex())]",
      "location": "[parameters('location')]",
      "sku": {
        "name": "Standard"
      },
      "copy": {
        "name": "publicip-loop",
        "count": 3
      },
      "properties": {
        "publicIPAddressVersion": "IPv4",
        "publicIPAllocationMethod": "Static",
        "idleTimeoutInMinutes": 4
      }
    },
    {
      "type": "Microsoft.Network/virtualNetworks",
      "apiVersion": "2020-06-01",
      "name": "[variables('virtualNetworks_myVNet_name')]",
      "location": "[parameters('location')]",
      "properties": {
        "addressSpace": {
          "addressPrefixes": [
            "[variables('vnet_prefix')]"
          ]
        },
        "subnets": [
          {
            "name": "myAGSubnet",
            "properties": {
              "addressPrefix": "[variables('ag_subnet_prefix')]",
              "privateEndpointNetworkPolicies": "Enabled",
              "privateLinkServiceNetworkPolicies": "Enabled"
            }
          },
          {
            "name": "myBackendSubnet",
            "properties": {
              "addressPrefix": "[variables('backend_subnet_prefix')]",
              "privateEndpointNetworkPolicies": "Enabled",
              "privateLinkServiceNetworkPolicies": "Enabled"
            }
          }
        ],
        "enableDdosProtection": false,
        "enableVmProtection": false
      }
    },
    {
      "type": "Microsoft.Compute/virtualMachines",
      "apiVersion": "2020-06-01",
      "name": "[concat(variables('virtualMachines_myVM_name'), copyIndex(1))]",
      "location": "[parameters('location')]",
      "copy": {
        "name": "vm-loop",
        "count": 2
      },
      "dependsOn": [
        "[resourceId('Microsoft.Network/networkInterfaces', concat(variables('net_interface'), copyIndex(1)))]"
      ],
      "properties": {
        "hardwareProfile": {
          "vmSize": "[parameters('vmSize')]"
        },
        "storageProfile": {
          "imageReference": {
            "publisher": "MicrosoftWindowsServer",
            "offer": "WindowsServer",
            "sku": "2016-Datacenter",
            "version": "latest"
          },
          "osDisk": {
            "osType": "Windows",
            "createOption": "FromImage",
            "caching": "ReadWrite",
            "managedDisk": {
              "storageAccountType": "StandardSSD_LRS"
            },
            "diskSizeGB": 127
          }
        },
        "osProfile": {
          "computerName": "[concat(variables('virtualMachines_myVM_name'), copyIndex(1))]",
          "adminUsername": "[parameters('adminUsername')]",
          "adminPassword": "[parameters('adminPassword')]",
          "windowsConfiguration": {
            "provisionVMAgent": true,
            "enableAutomaticUpdates": true
          },
          "allowExtensionOperations": true
        },
        "networkProfile": {
          "networkInterfaces": [
            {
              "id": "[resourceId('Microsoft.Network/networkInterfaces', concat(variables('net_interface'), copyIndex(1)))]"
            }
          ]
        }
      }
    },
    {
      "type": "Microsoft.Compute/virtualMachines/extensions",
      "apiVersion": "2020-06-01",
      "name": "[concat(variables('virtualMachines_myVM_name'), copyIndex(1),'/IIS')]",
      "location": "[parameters('location')]",
      "copy": {
        "name": "ext-loop",
        "count": 2
      },
      "dependsOn": [
        "[resourceId('Microsoft.Compute/virtualMachines', concat(variables('virtualMachines_myVM_name'), copyIndex(1)))]"
      ],
      "properties": {
        "autoUpgradeMinorVersion": true,
        "publisher": "Microsoft.Compute",
        "type": "CustomScriptExtension",
        "typeHandlerVersion": "1.4",
        "settings": {
          "commandToExecute": "powershell Add-WindowsFeature Web-Server; powershell Add-Content -Path \"C:\\inetpub\\wwwroot\\Default.htm\" -Value $($env:computername)"
        }
      }
    },
    {
      "type": "Microsoft.Network/applicationGateways",
      "apiVersion": "2020-06-01",
      "name": "[variables('applicationGateways_myAppGateway_name')]",
      "location": "[parameters('location')]",
      "dependsOn": [
        "[resourceId('Microsoft.Network/virtualNetworks', variables('virtualNetworks_myVNet_name'))]",
        "[resourceId('Microsoft.Network/publicIPAddresses', concat(variables('publicIPAddress'), '0'))]"
      ],
      "properties": {
        "sku": {
          "name": "Standard_v2",
          "tier": "Standard_v2"
        },
        "gatewayIPConfigurations": [
          {
            "name": "appGatewayIpConfig",
            "properties": {
              "subnet": {
                "id": "[resourceId('Microsoft.Network/virtualNetworks/subnets', variables('virtualNetworks_myVNet_name'), 'myAGSubnet')]"
              }
            }
          }
        ],
        "frontendIPConfigurations": [
          {
            "name": "appGwPublicFrontendIp",
            "properties": {
              "privateIPAllocationMethod": "Dynamic",
              "publicIPAddress": {
                "id": "[resourceId('Microsoft.Network/publicIPAddresses', concat(variables('publicIPAddress'), '0'))]"
              }
            }
          }
        ],
        "frontendPorts": [
          {
            "name": "port_80",
            "properties": {
              "port": 80
            }
          }
        ],
        "backendAddressPools": [
          {
            "name": "myBackendPool",
            "properties": {
            }
          }
        ],
        "backendHttpSettingsCollection": [
          {
            "name": "myHTTPSetting",
            "properties": {
              "port": 80,
              "protocol": "Http",
              "cookieBasedAffinity": "Disabled",
              "pickHostNameFromBackendAddress": false,
              "requestTimeout": 20
            }
          }
        ],
        "httpListeners": [
          {
            "name": "myListener",
            "properties": {
              "frontendIPConfiguration": {
                "id": "[resourceId('Microsoft.Network/applicationGateways/frontendIPConfigurations', variables('applicationGateways_myAppGateway_name'), 'appGwPublicFrontendIp')]"
              },
              "frontendPort": {
                "id": "[resourceId('Microsoft.Network/applicationGateways/frontendPorts', variables('applicationGateways_myAppGateway_name'), 'port_80')]"
              },
              "protocol": "Http",
              "requireServerNameIndication": false
            }
          }
        ],
        "requestRoutingRules": [
          {
            "name": "myRoutingRule",
            "properties": {
              "ruleType": "Basic",
              "httpListener": {
                "id": "[resourceId('Microsoft.Network/applicationGateways/httpListeners', variables('applicationGateways_myAppGateway_name'), 'myListener')]"
              },
              "backendAddressPool": {
                "id": "[resourceId('Microsoft.Network/applicationGateways/backendAddressPools', variables('applicationGateways_myAppGateway_name'), 'myBackendPool')]"
              },
              "backendHttpSettings": {
                "id": "[resourceId('Microsoft.Network/applicationGateways/backendHttpSettingsCollection', variables('applicationGateways_myAppGateway_name'), 'myHTTPSetting')]"
              }
            }
          }
        ],
        "enableHttp2": false,
        "autoscaleConfiguration": {
          "minCapacity": 0,
          "maxCapacity": 10
        }
      }
    },
    {
      "type": "Microsoft.Network/networkInterfaces",
      "apiVersion": "2020-06-01",
      "name": "[concat(variables('net_interface'), copyIndex(1))]",
      "location": "[parameters('location')]",
      "copy": {
        "name": "int-loop",
        "count": 2
      },
      "dependsOn": [
        "[resourceId('Microsoft.Network/publicIPAddresses', concat(variables('publicIPAddress'), copyIndex(1)))]",
        "[resourceId('Microsoft.Network/virtualNetworks', variables('virtualNetworks_myVNet_name'))]",
        "[resourceId('Microsoft.Network/applicationGateways', variables('applicationGateways_myAppGateway_name'))]",
        "[resourceId('Microsoft.Network/networkSecurityGroups', concat(variables('nsg_name'), copyIndex(1)))]"
      ],
      "properties": {
        "ipConfigurations": [
          {
            "name": "[concat(variables('ipconfig_name'), copyIndex(1))]",
            "properties": {
              "privateIPAllocationMethod": "Dynamic",
              "publicIPAddress": {
                "id": "[resourceId('Microsoft.Network/publicIPAddresses', concat(variables('publicIPAddress'), copyIndex(1)))]"
              },
              "subnet": {
                "id": "[resourceId('Microsoft.Network/virtualNetworks/subnets', variables('virtualNetworks_myVNet_name'), 'myBackendSubnet')]"
              },
              "primary": true,
              "privateIPAddressVersion": "IPv4",
              "applicationGatewayBackendAddressPools": [
                {
                  "id": "[resourceId('Microsoft.Network/applicationGateways/backendAddressPools', variables('applicationGateways_myAppGateway_name'), 'myBackendPool')]"
                }
              ]
            }
          }
        ],
        "enableAcceleratedNetworking": false,
        "enableIPForwarding": false,
        "networkSecurityGroup": {
          "id": "[resourceId('Microsoft.Network/networkSecurityGroups', concat(variables('nsg_name'), copyIndex(1)))]"
        }
      }
    },
    {
       "apiVersion": "2018-08-01",
      "type": "Microsoft.Network/trafficManagerProfiles",
      "name": "VMEndpointExample",
      "location": "global",
      "dependsOn": [
        "[resourceId('Microsoft.Network/publicIPAddresses', concat(variables('publicIPAddress'), '0'))]"
      ],
      "properties": {
        "profileStatus": "Enabled",
        "trafficRoutingMethod": "Weighted",
        "dnsConfig": {
          "relativeName": "[parameters('uniqueDnsName')]",
          "ttl": 30
        },
        "monitorConfig": {
          "protocol": "HTTP",
          "port": 80,
          "path": "/"
        },
        "endpoints": [
          {
            "name": "endpoint0",
            "type": "Microsoft.Network/trafficManagerProfiles/azureEndpoints",
            "properties": {
              "targetResourceId": "[resourceId('Microsoft.Network/publicIPAddresses', concat(variables('publicIPAddress'), '0'))]",
              "endpointStatus": "Enabled",
              "weight": 1
            }
          }
        ]
      }
    }
  ]
}