{
    "$schema": "https://schema.management.azure.com/schemas/2019-04-01/deploymentTemplate.json#",
    "contentVersion": "1.0.0.0",
    "parameters": {
      "adminUsername": {
        "type": "string",
        "metadata": {
          "description": "Admin username"
        }
      },
      "adminPassword": {
        "type": "securestring",
        "metadata": {
          "description": "Admin password"
        }
      },
      "vmNamePrefix": {
        "type": "string",
        "defaultValue": "BackendVM",
        "metadata": {
          "description": "Prefix to use for VM names"
        }
      },
      "location": {
        "type": "string",
        "defaultValue": "[resourceGroup().location]",
        "metadata": {
          "description": "Location for all resources."
        }
      },
      "vmSize": {
        "type": "string",
        "defaultValue": "Standard_DS1_V2",
        "metadata": {
          "description": "Size of the virtual machines"
        }
      }
    },
    "variables": {
      "availabilitySetName": "AvSet",
      "storageAccountType": "Standard_LRS",
      "storageAccountName": "[uniqueString(resourceGroup().id)]",
      "virtualNetworkName": "vNet",
      "subnetName": "backendSubnet",
      "loadBalancerName": "ilb",
      "networkInterfaceName": "nic",
      "subnetRef": "[resourceId('Microsoft.Network/virtualNetworks/subnets', variables('virtualNetworkName'), variables('subnetName'))]",
      "numberOfInstances": 2
    },
    "resources": [
      {
        "type": "Microsoft.Storage/storageAccounts",
        "apiVersion": "2019-06-01",
        "name": "[variables('storageAccountName')]",
        "location": "[parameters('location')]",
        "sku": {
          "name": "[variables('storageAccountType')]"
        },
        "kind": "StorageV2"
      },
      {
        "type": "Microsoft.Compute/availabilitySets",
        "apiVersion": "2020-06-01",
        "name": "[variables('availabilitySetName')]",
        "location": "[parameters('location')]",
        "sku": {
          "name": "Aligned"
        },
        "properties": {
          "PlatformUpdateDomainCount": 2,
          "PlatformFaultDomainCount": 2
        }
      },
      {
        "type": "Microsoft.Network/virtualNetworks",
        "apiVersion": "2020-06-01",
        "name": "[variables('virtualNetworkName')]",
        "location": "[parameters('location')]",
        "properties": {
          "addressSpace": {
            "addressPrefixes": [
              "10.0.0.0/16"
            ]
          },
          "subnets": [
            {
              "name": "[variables('subnetName')]",
              "properties": {
                "addressPrefix": "10.0.2.0/24"
              }
            }
          ]
        }
      },
      {
        "type": "Microsoft.Network/networkInterfaces",
        "apiVersion": "2020-06-01",
        "name": "[concat(variables('networkInterfaceName'), copyindex())]",
        "location": "[parameters('location')]",
        "copy": {
          "name": "nicLoop",
          "count": "[variables('numberOfInstances')]"
        },
        "dependsOn": [
          "[variables('virtualNetworkName')]",
          "[variables('loadBalancerName')]"
        ],
        "properties": {
          "ipConfigurations": [
            {
              "name": "ipconfig1",
              "properties": {
                "privateIPAllocationMethod": "Dynamic",
                "subnet": {
                  "id": "[variables('subnetRef')]"
                },
                "loadBalancerBackendAddressPools": [
                  {
                    "id": "[resourceId('Microsoft.Network/loadBalancers/backendAddressPools', variables('loadBalancerName'), 'BackendPool1')]"
                  }
                ]
              }
            }
          ]
        }
      },
      {
        "type": "Microsoft.Network/loadBalancers",
        "apiVersion": "2020-06-01",
        "name": "[variables('loadBalancerName')]",
        "location": "[parameters('location')]",
        "sku": {
          "name": "Standard"
        },
        "dependsOn": [
          "[variables('virtualNetworkName')]"
        ],
        "properties": {
          "frontendIPConfigurations": [
            {
              "properties": {
                "subnet": {
                  "id": "[variables('subnetRef')]"
                },
                "privateIPAddress": "10.0.2.6",
                "privateIPAllocationMethod": "Static"
              },
              "name": "LoadBalancerFrontend"
            }
          ],
          "backendAddressPools": [
            {
              "name": "BackendPool1"
            }
          ],
          "loadBalancingRules": [
            {
              "properties": {
                "frontendIPConfiguration": {
                  "id": "[resourceId('Microsoft.Network/loadBalancers/frontendIpConfigurations', variables('loadBalancerName'), 'LoadBalancerFrontend')]"
                },
                "backendAddressPool": {
                  "id": "[resourceId('Microsoft.Network/loadBalancers/backendAddressPools', variables('loadBalancerName'), 'BackendPool1')]"
                },
                "probe": {
                  "id": "[resourceId('Microsoft.Network/loadBalancers/probes', variables('loadBalancerName'), 'lbprobe')]"
                },
                "protocol": "Tcp",
                "frontendPort": 80,
                "backendPort": 80,
                "idleTimeoutInMinutes": 15
              },
              "Name": "lbrule"
            }
          ],
          "probes": [
            {
              "properties": {
                "protocol": "Tcp",
                "port": 80,
                "intervalInSeconds": 15,
                "numberOfProbes": 2
              },
              "name": "lbprobe"
            }
          ]
        }
      },
      {
        "type": "Microsoft.Compute/virtualMachines",
        "apiVersion": "2020-06-01",
        "name": "[concat(parameters('vmNamePrefix'), copyindex())]",
        "location": "[parameters('location')]",
        "copy": {
          "name": "virtualMachineLoop",
          "count": "[variables('numberOfInstances')]"
        },
        "dependsOn": [
          "[variables('storageAccountName')]",
          "nicLoop",
          "[variables('availabilitySetName')]"
        ],
        "properties": {
          "availabilitySet": {
            "id": "[resourceId('Microsoft.Compute/availabilitySets',variables('availabilitySetName'))]"
          },
          "hardwareProfile": {
            "vmSize": "[parameters('vmSize')]"
          },
          "osProfile": {
            "computerName": "[concat(parameters('vmNamePrefix'), copyIndex())]",
            "adminUsername": "[parameters('adminUsername')]",
            "adminPassword": "[parameters('adminPassword')]"
          },
          "storageProfile": {
            "imageReference": {
              "publisher": "MicrosoftWindowsServer",
              "offer": "WindowsServer",
              "sku": "2019-Datacenter",
              "version": "latest"
            },
            "osDisk": {
              "createOption": "FromImage"
            }
          },
          "networkProfile": {
            "networkInterfaces": [
              {
                "id": "[resourceId('Microsoft.Network/networkInterfaces', concat(variables('networkInterfaceName'), copyindex()))]"
              }
            ]
          },
          "diagnosticsProfile": {
            "bootDiagnostics": {
              "enabled": true,
              "storageUri": "[reference(variables('storageAccountName')).primaryEndpoints.blob]"
            }
          }
        }
      }
    ]
  }