{
    "$schema": "http://schema.management.azure.com/schemas/2015-01-01/deploymentTemplate.json",
    "contentVersion": "1.0.0.0",
    "parameters": {
      "storageAccountName": {
        "type": "string",
        "metadata": {
          "description": "Name of storage account"
        }
      },
      "adminUsername": {
        "type": "string",
        "metadata": {
          "description": "Admin username"
        }
      },
      "adminPassword": {
        "type": "securestring",
        "metadata": {
          "description": "Admin password"
        }
      },
      "dnsNameforLBIP": {
        "type": "string",
        "metadata": {
          "description": "DNS for Load Balancer IP"
        }
      },
      "vmNamePrefix": {
        "type": "string",
        "defaultValue": "myVM",
        "metadata": {
          "description": "Prefix to use for VM names"
        }
      },
      "imagePublisher": {
        "type": "string",
        "defaultValue": "MicrosoftWindowsServer",
        "metadata": {
          "description": "Image Publisher"
        }
      },
      "imageOffer": {
        "type": "string",
        "defaultValue": "WindowsServer",
        "metadata": {
          "description": "Image Offer"
        }
      },
      "imageSKU": {
        "type": "string",
        "defaultValue": "2012-R2-Datacenter",
        "metadata": {
          "description": "Image SKU"
        }
      },
      "lbName": {
        "type": "string",
        "defaultValue": "myLB",
        "metadata": {
          "description": "Load Balancer name"
        }
      },
      "nicNamePrefix": {
        "type": "string",
        "defaultValue": "nic",
        "metadata": {
          "description": "Network Interface name prefix"
        }
      },
      "publicIPAddressName": {
        "type": "string",
        "defaultValue": "myPublicIP",
        "metadata": {
          "description": "Public IP Name"
        }
      },
      "vnetName": {
        "type": "string",
        "defaultValue": "myVNET",
        "metadata": {
          "description": "VNET name"
        }
      },
      "vmSize": {
        "type": "string",
        "defaultValue": "Standard_A1",
        "metadata": {
          "description": "Size of the VM"
        }
      }
    },
    "variables": {
      "storageAccountType": "Standard_LRS",
      "availabilitySetName": "myAvSet",
      "addressPrefix": "10.0.0.0/16",
      "subnetName": "Subnet-1",
      "subnetPrefix": "10.0.0.0/24",
      "publicIPAddressType": "Dynamic",
      "vnetID": "[resourceId('Microsoft.Network/virtualNetworks', parameters('vnetName'))]",
      "subnetRef": "[concat(variables('vnetID'), '/subnets/' ,variables('subnetName'))]",
      "publicIPAddressID": "[resourceId('Microsoft.Network/publicIPAddresses', parameters('publicIPAddressName'))]",
      "numberOfInstances": 2,
      "lbID": "[resourceId('Microsoft.Network/loadBalancers', parameters('lbName'))]",
      "frontEndIPConfigID": "[concat(variables('lbID'), '/frontendIPConfigurations/LoadBalancerFrontEnd')]",
      "lbPoolID": "[concat(variables('lbID'), '/backendAddressPools/BackendPool1')]",
      "lbProbeID": "[concat(variables('lbID'), '/probes/tcpProbe')]"
    },
    "resources": [
      {
        "type": "Microsoft.Storage/storageAccounts",
        "name": "[parameters('storageAccountName')]",
        "apiVersion": "2015-05-01-preview",
        "location": "[resourceGroup().location]",
        "properties": {
          "accountType": "[variables('storageAccountType')]"
        }
      },
      {
        "type": "Microsoft.Compute/availabilitySets",
        "name": "[variables('availabilitySetName')]",
        "apiVersion": "2015-05-01-preview",
        "location": "[resourceGroup().location]",
        "properties": {}
      },
      {
        "apiVersion": "2015-05-01-preview",
        "type": "Microsoft.Network/publicIPAddresses",
        "name": "[parameters('publicIPAddressName')]",
        "location": "[resourceGroup().location]",
        "properties": {
          "publicIPAllocationMethod": "[variables('publicIPAddressType')]",
          "dnsSettings": {
            "domainNameLabel": "[parameters('dnsNameforLBIP')]"
          }
        }
      },
      {
        "apiVersion": "2015-05-01-preview",
        "type": "Microsoft.Network/virtualNetworks",
        "name": "[parameters('vnetName')]",
        "location": "[resourceGroup().location]",
        "properties": {
          "addressSpace": {
            "addressPrefixes": [
              "[variables('addressPrefix')]"
            ]
          },
          "subnets": [
            {
              "name": "[variables('subnetName')]",
              "properties": {
                "addressPrefix": "[variables('subnetPrefix')]"
              }
            }
          ]
        }
      },
      {
        "apiVersion": "2015-05-01-preview",
        "type": "Microsoft.Network/networkInterfaces",
        "name": "[concat(parameters('nicNamePrefix'), copyindex())]",
        "location": "[resourceGroup().location]",
        "copy": {
          "name": "nicLoop",
          "count": "[variables('numberOfInstances')]"
        },
        "dependsOn": [
          "[concat('Microsoft.Network/virtualNetworks/', parameters('vnetName'))]",
          "[concat('Microsoft.Network/loadBalancers/', parameters('lbName'))]"
        ],
        "properties": {
          "ipConfigurations": [
            {
              "name": "ipconfig1",
              "properties": {
                "privateIPAllocationMethod": "Dynamic",
                "subnet": {
                  "id": "[variables('subnetRef')]"
                },
                "loadBalancerBackendAddressPools": [
                  {
                    "id": "[concat(variables('lbID'), '/backendAddressPools/BackendPool1')]"
                  }
                ],
                "loadBalancerInboundNatRules": [
                  {
                    "id": "[concat(variables('lbID'), '/inboundNatRules/RDP-VM', copyindex())]"
                  },
                  {
                    "id": "[concat(variables('lbID'), '/inboundNatRules/VM', copyindex(), '-FTP0')]"
                  },
                  {
                    "id": "[concat(variables('lbID'), '/inboundNatRules/VM', copyindex(), '-FTP1')]"
                  },
                  {
                    "id": "[concat(variables('lbID'), '/inboundNatRules/VM', copyindex(), '-FTP2')]"
                  },
                  {
                    "id": "[concat(variables('lbID'), '/inboundNatRules/VM', copyindex(), '-FTP3')]"
                  },
                  {
                    "id": "[concat(variables('lbID'), '/inboundNatRules/VM', copyindex(), '-FTP4')]"
                  },
                  {
                    "id": "[concat(variables('lbID'), '/inboundNatRules/VM', copyindex(), '-FTP5')]"
                  },
                  {
                    "id": "[concat(variables('lbID'), '/inboundNatRules/VM', copyindex(), '-FTP6')]"
                  },
                  {
                    "id": "[concat(variables('lbID'), '/inboundNatRules/VM', copyindex(), '-FTP7')]"
                  },
                  {
                    "id": "[concat(variables('lbID'), '/inboundNatRules/VM', copyindex(), '-FTP8')]"
                  },
                  {
                    "id": "[concat(variables('lbID'), '/inboundNatRules/VM', copyindex(), '-FTP9')]"
                  }
                ]
              }
            }
          ]
        }
      },
      {
        "apiVersion": "2015-05-01-preview",
        "name": "[parameters('lbName')]",
        "type": "Microsoft.Network/loadBalancers",
        "location": "[resourceGroup().location]",
        "dependsOn": [
          "[concat('Microsoft.Network/publicIPAddresses/', parameters('publicIPAddressName'))]"
        ],
        "properties": {
          "frontendIPConfigurations": [
            {
              "name": "LoadBalancerFrontEnd",
              "properties": {
                "publicIPAddress": {
                  "id": "[variables('publicIPAddressID')]"
                }
              }
            }
          ],
          "backendAddressPools": [
            {
              "name": "BackendPool1"
            }
          ],
          "inboundNatRules": [
            {
              "name": "RDP-VM0",
              "properties": {
                "frontendIPConfiguration": {
                  "id": "[variables('frontEndIPConfigID')]"
                },
                "protocol": "tcp",
                "frontendPort": 9001,
                "backendPort": 3389,
                "enableFloatingIP": false
              }
            },
            {
              "name": "RDP-VM1",
              "properties": {
                "frontendIPConfiguration": {
                  "id": "[variables('frontEndIPConfigID')]"
                },
                "protocol": "tcp",
                "frontendPort": 9002,
                "backendPort": 3389,
                "enableFloatingIP": false
              }
            },
            {
              "name": "VM0-FTP0",
              "properties": {
                "frontendIPConfiguration": {
                  "id": "[variables('frontEndIPConfigID')]"
                },
                "protocol": "tcp",
                "frontendPort": 2000,
                "backendPort": 2000,
                "enableFloatingIP": false
              }
            },
            {
              "name": "VM0-FTP1",
              "properties": {
                "frontendIPConfiguration": {
                  "id": "[variables('frontEndIPConfigID')]"
                },
                "protocol": "tcp",
                "frontendPort": 2001,
                "backendPort": 2001,
                "enableFloatingIP": false
              }
            },
            {
              "name": "VM0-FTP2",
              "properties": {
                "frontendIPConfiguration": {
                  "id": "[variables('frontEndIPConfigID')]"
                },
                "protocol": "tcp",
                "frontendPort": 2002,
                "backendPort": 2002,
                "enableFloatingIP": false
              }
            },
            {
              "name": "VM0-FTP3",
              "properties": {
                "frontendIPConfiguration": {
                  "id": "[variables('frontEndIPConfigID')]"
                },
                "protocol": "tcp",
                "frontendPort": 2003,
                "backendPort": 2003,
                "enableFloatingIP": false
              }
            },
            {
              "name": "VM0-FTP4",
              "properties": {
                "frontendIPConfiguration": {
                  "id": "[variables('frontEndIPConfigID')]"
                },
                "protocol": "tcp",
                "frontendPort": 2004,
                "backendPort": 2004,
                "enableFloatingIP": false
              }
            },
            {
              "name": "VM0-FTP5",
              "properties": {
                "frontendIPConfiguration": {
                  "id": "[variables('frontEndIPConfigID')]"
                },
                "protocol": "tcp",
                "frontendPort": 2005,
                "backendPort": 2005,
                "enableFloatingIP": false
              }
            },
            {
              "name": "VM0-FTP6",
              "properties": {
                "frontendIPConfiguration": {
                  "id": "[variables('frontEndIPConfigID')]"
                },
                "protocol": "tcp",
                "frontendPort": 2006,
                "backendPort": 2006,
                "enableFloatingIP": false
              }
            },
            {
              "name": "VM0-FTP7",
              "properties": {
                "frontendIPConfiguration": {
                  "id": "[variables('frontEndIPConfigID')]"
                },
                "protocol": "tcp",
                "frontendPort": 2007,
                "backendPort": 2007,
                "enableFloatingIP": false
              }
            },
            {
              "name": "VM0-FTP8",
              "properties": {
                "frontendIPConfiguration": {
                  "id": "[variables('frontEndIPConfigID')]"
                },
                "protocol": "tcp",
                "frontendPort": 2008,
                "backendPort": 2008,
                "enableFloatingIP": false
              }
            },
            {
              "name": "VM0-FTP9",
              "properties": {
                "frontendIPConfiguration": {
                  "id": "[variables('frontEndIPConfigID')]"
                },
                "protocol": "tcp",
                "frontendPort": 2009,
                "backendPort": 2009,
                "enableFloatingIP": false
              }
            },
            {
              "name": "VM1-FTP0",
              "properties": {
                "frontendIPConfiguration": {
                  "id": "[variables('frontEndIPConfigID')]"
                },
                "protocol": "tcp",
                "frontendPort": 3000,
                "backendPort": 3000,
                "enableFloatingIP": false
              }
            },
            {
              "name": "VM1-FTP1",
              "properties": {
                "frontendIPConfiguration": {
                  "id": "[variables('frontEndIPConfigID')]"
                },
                "protocol": "tcp",
                "frontendPort": 3001,
                "backendPort": 3001,
                "enableFloatingIP": false
              }
            },
            {
              "name": "VM1-FTP2",
              "properties": {
                "frontendIPConfiguration": {
                  "id": "[variables('frontEndIPConfigID')]"
                },
                "protocol": "tcp",
                "frontendPort": 3002,
                "backendPort": 3002,
                "enableFloatingIP": false
              }
            },
            {
              "name": "VM1-FTP3",
              "properties": {
                "frontendIPConfiguration": {
                  "id": "[variables('frontEndIPConfigID')]"
                },
                "protocol": "tcp",
                "frontendPort": 3003,
                "backendPort": 3003,
                "enableFloatingIP": false
              }
            },
            {
              "name": "VM1-FTP4",
              "properties": {
                "frontendIPConfiguration": {
                  "id": "[variables('frontEndIPConfigID')]"
                },
                "protocol": "tcp",
                "frontendPort": 3004,
                "backendPort": 3004,
                "enableFloatingIP": false
              }
            },
            {
              "name": "VM1-FTP5",
              "properties": {
                "frontendIPConfiguration": {
                  "id": "[variables('frontEndIPConfigID')]"
                },
                "protocol": "tcp",
                "frontendPort": 3005,
                "backendPort": 3005,
                "enableFloatingIP": false
              }
            },
            {
              "name": "VM1-FTP6",
              "properties": {
                "frontendIPConfiguration": {
                  "id": "[variables('frontEndIPConfigID')]"
                },
                "protocol": "tcp",
                "frontendPort": 3006,
                "backendPort": 3006,
                "enableFloatingIP": false
              }
            },
            {
              "name": "VM1-FTP7",
              "properties": {
                "frontendIPConfiguration": {
                  "id": "[variables('frontEndIPConfigID')]"
                },
                "protocol": "tcp",
                "frontendPort": 3007,
                "backendPort": 3007,
                "enableFloatingIP": false
              }
            },
            {
              "name": "VM1-FTP8",
              "properties": {
                "frontendIPConfiguration": {
                  "id": "[variables('frontEndIPConfigID')]"
                },
                "protocol": "tcp",
                "frontendPort": 3008,
                "backendPort": 3008,
                "enableFloatingIP": false
              }
            },
            {
              "name": "VM1-FTP9",
              "properties": {
                "frontendIPConfiguration": {
                  "id": "[variables('frontEndIPConfigID')]"
                },
                "protocol": "tcp",
                "frontendPort": 3009,
                "backendPort": 3009,
                "enableFloatingIP": false
              }
            }
          ],
          "loadBalancingRules": [
            {
              "name": "lbPort80",
              "properties": {
                "frontendIPConfiguration": {
                  "id": "[variables('frontEndIPConfigID')]"
                },
                "backendAddressPool": {
                  "id": "[variables('lbPoolID')]"
                },
                "protocol": "tcp",
                "frontendPort": 80,
                "backendPort": 80,
                "enableFloatingIP": false,
                "idleTimeoutInMinutes": 5
              }
            },
            {
              "name": "lbPort443",
              "properties": {
                "frontendIPConfiguration": {
                  "id": "[variables('frontEndIPConfigID')]"
                },
                "backendAddressPool": {
                  "id": "[variables('lbPoolID')]"
                },
                "protocol": "tcp",
                "frontendPort": 443,
                "backendPort": 443,
                "enableFloatingIP": false,
                "idleTimeoutInMinutes": 5,
                "probe": {
                  "id": "[variables('lbProbeID')]"
                }
              }
            },
            {
              "name": "lbPort21",
              "properties": {
                "frontendIPConfiguration": {
                  "id": "[variables('frontEndIPConfigID')]"
                },
                "backendAddressPool": {
                  "id": "[variables('lbPoolID')]"
                },
                "protocol": "tcp",
                "frontendPort": 21,
                "backendPort": 21,
                "enableFloatingIP": false
              }
            },
            {
              "name": "lbPort22",
              "properties": {
                "frontendIPConfiguration": {
                  "id": "[variables('frontEndIPConfigID')]"
                },
                "backendAddressPool": {
                  "id": "[variables('lbPoolID')]"
                },
                "protocol": "tcp",
                "frontendPort": 22,
                "backendPort": 22,
                "enableFloatingIP": false
              }
            }
          ],
          "probes": [
            {
              "name": "tcpProbe",
              "properties": {
                "protocol": "tcp",
                "port": 443,
                "intervalInSeconds": 5,
                "numberOfProbes": 2
              }
            }
          ]
        }
      },
      {
        "apiVersion": "2015-06-15",
        "type": "Microsoft.Compute/virtualMachines",
        "name": "[concat(parameters('vmNamePrefix'), copyindex())]",
        "copy": {
          "name": "virtualMachineLoop",
          "count": "[variables('numberOfInstances')]"
        },
        "location": "[resourceGroup().location]",
        "dependsOn": [
          "[concat('Microsoft.Storage/storageAccounts/', parameters('storageAccountName'))]",
          "[concat('Microsoft.Network/networkInterfaces/', parameters('nicNamePrefix'), copyindex())]",
          "[concat('Microsoft.Compute/availabilitySets/', variables('availabilitySetName'))]"
        ],
        "properties": {
          "availabilitySet": {
            "id": "[resourceId('Microsoft.Compute/availabilitySets', variables('availabilitySetName'))]"
          },
          "hardwareProfile": {
            "vmSize": "[parameters('vmSize')]"
          },
          "osProfile": {
            "computerName": "[concat(parameters('vmNamePrefix'), copyIndex())]",
            "adminUsername": "[parameters('adminUsername')]",
            "adminPassword": "[parameters('adminPassword')]"
          },
          "storageProfile": {
            "imageReference": {
              "publisher": "[parameters('imagePublisher')]",
              "offer": "[parameters('imageOffer')]",
              "sku": "[parameters('imageSKU')]",
              "version": "latest"
            },
            "osDisk": {
              "name": "osdisk",
              "vhd": {
                "uri": "[concat('http://',parameters('storageAccountName'), '.blob.core.windows.net/vhds/', 'osdisk', copyindex(), '.vhd')]"
              },
              "caching": "ReadWrite",
              "createOption": "FromImage"
            }
          },
          "networkProfile": {
            "networkInterfaces": [
              {
                "id": "[resourceId('Microsoft.Network/networkInterfaces', concat(parameters('nicNamePrefix'), copyindex()))]"
              }
            ]
          },
          "diagnosticsProfile": {
            "bootDiagnostics": {
               "enabled": "true",
               "storageUri": "[concat('http://', parameters('storageAccountName'), '.blob.core.windows.net')]"
            }
          }
        }
      }
    ]
  }