{
    "$schema": "https://schema.management.azure.com/schemas/2019-04-01/deploymentTemplate.json#",
    "contentVersion": "1.0.0.0",
    "parameters": {
        "storageAccountName": {
            "defaultValue": "lblaccount",
            "type": "String",
            "metadata": {
                "description": "Name of storage account"
            }
        },
        "adminUsername": {
            "defaultValue": "adminuser",
            "type": "String",
            "metadata": {
                "description": "Admin username for the backend servers"
            }
        },
        "adminPassword": {
            "defaultValue": "{{adminPassword}}",
            "type": "SecureString",
            "metadata": {
                "description": "Admin password"
            }
        },
        "vmNamePrefix": {
            "defaultValue": "vmvmlb",
            "type": "String",
            "metadata": {
                "description": "Prefix to use for VM names"
            }
        },
        "imagePublisher": {
            "defaultValue": "MicrosoftWindowsServer",
            "type": "String",
            "metadata": {
                "description": "Image Publisher"
            }
        },
        "imageOffer": {
            "defaultValue": "WindowsServer",
            "type": "String",
            "metadata": {
                "description": "Image Offer"
            }
        },
        "imageSKU": {
            "defaultValue": "2019-Datacenter",
            "type": "String",
            "metadata": {
                "description": "Image SKU"
            }
        },
        "imageReference": {
            "defaultValue": "2019.0.20190410",
            "type": "String",
            "metadata": {
                "description": "Image Reference"
            }
        },
        "lbName": {
            "defaultValue": "hexalblnew",
            "type": "String",
            "metadata": {
                "description": "Load Balancer name"
            }
        },
        "lbPublicIpAddressName": {
            "defaultValue": "hexapublicip",
            "type": "String",
            "metadata": {
                "description": "Load Balancer name"
            }
        },
        "nicNamePrefix": {
            "defaultValue": "vmvmlbnic",
            "type": "String",
            "metadata": {
                "description": "Network Interface name prefix"
            }
        },
        "vnetName": {
            "defaultValue": "hex-lb-vnet",
            "type": "String",
            "metadata": {
                "description": "VNET name"
            }
        },
        "vmSize": {
            "defaultValue": "Standard_B1s",
            "type": "String",
            "metadata": {
                "description": "Size of the VM"
            }
        },
        "location": {
            "defaultValue": "westus",
            "type": "String",
            "metadata": {
                "description": "Location for all resources"
            }
        },
        "isNewBackendPool": {
            "defaultValue": "Yes",
            "allowedValues": [
                "Yes",
                "No"
            ],
            "type": "String"
        },
        "BackendPoolName": {
            "defaultValue": "BackendPool1",
            "type": "String"
        }
    },
    "variables": {
        "storageAccountType": "Standard_LRS",
        "availabilitySetName": "myAvSet",
        "addressPrefix": "10.0.0.0/16",
        "subnetName": "Subnet-1",
        "subnetPrefix": "10.0.0.0/24",
        "subnetRef": "[resourceId('Microsoft.Network/virtualNetworks/subnets', parameters('vnetName'), variables ('subnetName'))]",
        "numberOfInstances": 2
    },
    "resources": [
        {
            "type": "Microsoft.Storage/storageAccounts",
            "apiVersion": "2019-06-01",
            "name": "[parameters('storageAccountName')]",
            "location": "[parameters('location')]",
            "sku": {
                "name": "[variables('storageAccountType')]"
            },
            "kind": "StorageV2"
        },
        {
            "type": "Microsoft.Compute/availabilitySets",
            "apiVersion": "2019-12-01",
            "name": "[variables('availabilitySetName')]",
            "location": "[parameters('location')]",
            "sku": {
                "name": "Aligned"
            },
            "properties": {
                "platformFaultDomainCount": 2,
                "platformUpdateDomainCount": 5
            }
        },
        {
            "type": "Microsoft.Network/virtualNetworks",
            "apiVersion": "2020-05-01",
            "name": "[parameters('vnetName')]",
            "location": "[parameters('location')]",
            "properties": {
                "addressSpace": {
                    "addressPrefixes": [
                        "[variables('addressPrefix')]"
                    ]
                },
                "subnets": [
                    {
                        "name": "[variables('subnetName')]",
                        "properties": {
                            "addressPrefix": "[variables('subnetPrefix')]"
                        }
                    }
                ]
            }
        },
        {
            "type": "Microsoft.Network/networkInterfaces",
            "apiVersion": "2020-05-01",
            "name": "[concat(parameters('nicNamePrefix'), copyindex())]",
            "location": "[parameters('location')]",
            "dependsOn": [
                "[resourceId('Microsoft.Network/virtualNetworks/', parameters('vnetName'))]",
                "[resourceId('Microsoft.Network/loadBalancers/', parameters('lbName'))]"
            ],
            "properties": {
                "ipConfigurations": [
                    {
                        "name": "ipconfig1",
                        "properties": {
                            "privateIPAllocationMethod": "Dynamic",
                            "subnet": {
                                "id": "[variables('subnetRef')]"
                            },
                            "loadBalancerBackendAddressPools": [
                                {
                                    "id": "[resourceId('Microsoft.Network/loadBalancers/backendAddressPools', parameters('lbName'), parameters('BackendPoolName'))]"
                                }
                            ]
                        }
                    }
                ]
            },
            "copy": {
                "name": "nicLoop",
                "count": "[variables('numberOfInstances')]"
            }
        },
        {
            "type": "Microsoft.Network/loadBalancers",
            "apiVersion": "2020-05-01",
            "name": "[parameters('lbName')]",
            "location": "[parameters('location')]",
            "dependsOn": [],
            "properties": {
                "frontendIPConfigurations": [
                    {
                        "name": "LoadBalancerFrontEnd",
                        "properties": {
                            "publicIPAddress": {
                                "id": "[resourceId('Microsoft.Network/publicIPAddresses', parameters('lbPublicIpAddressName'))]"
                            }
                        }
                    }
                ],
                "backendAddressPools": [
                    {
                        "name": "[parameters('BackendPoolName')]"
                    }
                ],
                "loadBalancingRules": [
                    {
                        "name": "LBRule",
                        "properties": {
                            "frontendIPConfiguration": {
                                "id": "[resourceId('Microsoft.Network/loadBalancers/frontendIPConfigurations', parameters('lbName'), 'LoadBalancerFrontEnd')]"
                            },
                            "backendAddressPool": {
                                "id": "[resourceId('Microsoft.Network/loadBalancers/backendAddressPools', parameters('lbName'), parameters('BackendPoolName'))]"
                            },
                            "protocol": "Tcp",
                            "frontendPort": 80,
                            "backendPort": 80,
                            "enableFloatingIP": false,
                            "idleTimeoutInMinutes": 5,
                            "probe": {
                                "id": "[resourceId('Microsoft.Network/loadBalancers/probes', parameters('lbName'), 'tcpProbe')]"
                            }
                        }
                    }
                ],
                "probes": [
                    {
                        "name": "tcpProbe",
                        "properties": {
                            "protocol": "Tcp",
                            "port": 80,
                            "intervalInSeconds": 5,
                            "numberOfProbes": 2
                        }
                    }
                ]
            },
            "condition": "[equals(parameters('isNewBackendPool'), 'Yes')]"
        },
        {
            "type": "Microsoft.Compute/virtualMachines",
            "apiVersion": "2019-12-01",
            "name": "[concat(parameters('vmNamePrefix'), copyindex())]",
            "location": "[parameters('location')]",
            "dependsOn": [
                "[resourceId('Microsoft.Storage/storageAccounts/', parameters('storageAccountName'))]",
                "[resourceId('Microsoft.Network/networkInterfaces/', concat(parameters('nicNamePrefix'), copyindex()))]",
                "[resourceId('Microsoft.Compute/availabilitySets/', variables('availabilitySetName'))]"
            ],
            "properties": {
                "availabilitySet": {
                    "id": "[resourceId('Microsoft.Compute/availabilitySets',variables('availabilitySetName'))]"
                },
                "hardwareProfile": {
                    "vmSize": "[parameters('vmSize')]"
                },
                "osProfile": {
                    "computerName": "[concat(parameters('vmNamePrefix'), copyIndex())]",
                    "adminUsername": "[parameters('adminUsername')]",
                    "adminPassword": "[parameters('adminPassword')]"
                },
                "storageProfile": {
                    "imageReference": {
                        "publisher": "[parameters('imagePublisher')]",
                        "offer": "[parameters('imageOffer')]",
                        "sku": "[parameters('imageSKU')]",
                        "version": "[parameters('imageReference')]"
                    },
                    "osDisk": {
                        "createOption": "FromImage"
                    }
                },
                "networkProfile": {
                    "networkInterfaces": [
                        {
                            "id": "[resourceId('Microsoft.Network/networkInterfaces',concat(parameters('nicNamePrefix'),copyindex()))]"
                        }
                    ]
                },
                "diagnosticsProfile": {
                    "bootDiagnostics": {
                        "enabled": true,
                        "storageUri": "[reference(parameters('storageAccountName'), '2019-06-01').primaryEndpoints.blob]"
                    }
                }
            },
            "copy": {
                "name": "virtualMachineLoop",
                "count": "[variables('numberOfInstances')]"
            }
        }
    ]
}