{
    "properties": {
    "mode": "Incremental",
      "template": {
        "$schema": "https://schema.management.azure.com/schemas/2019-04-01/deploymentTemplate.json#",
        "contentVersion": "1.0.0.0",

        "parameters": {
          "artifactsLocation": {
            "type": "string",
            "metadata": {
              "description": "Location of the linked templates"
            },
            "defaultValue": "https://stitopssupport.blob.core.windows.net/armtemplates/"
          },
          "artifactsSasToken": {
            "type": "string",
            "defaultValue": "?sp=rl&st=2020-12-10T06:55:43Z&se=2020-12-31T06:55:00Z&sv=2019-12-12&sr=c&sig=r%2Bve5gdaamdFVVEIGv3muK4mQHNae2igbMvB2WVFAP0%3D",
            "metadata": {
              "description": "Sas token for the nested scripts"
            }
          },
          "existingVnetName": {
            "type": "string",
            "metadata": {
              "description": "Name of the existing Virtual Network which is connected to Domain controller"
            },
            "defaultValue": "{{existingVnetName}}"
          },
          "existingSubnetName": {
            "type": "string",
            "metadata": {
              "description": "Name of the existing subnet attached to Vnet"
            },
            "defaultValue": "{{existingSubnetName}}"
          },
          "isNewAvailabilitySet": {
            "type": "string",
            "allowedValues": [
              "Yes",
              "No"
            ],
            "metadata": {
              "description": "Do you want availability set?"
            },
            "defaultValue": "{{isNewAvailabilitySet}}"
          },
          "isPublicIpAddress": {
            "type": "string",
            "allowedValues": [
              "Yes",
              "No"
            ],
            "metadata": {
              "description": "Do you want public IP's for your VMs?"
            },
            "defaultValue": "{{isPublicIpAddress}}"
          },
          "isBootDiagnosticsForVM": {
            "type": "string",
            "allowedValues": [
              "Yes",
              "No"
            ],
            "metadata": {
              "description": "Do you want boot diagnostics or not?"
            },
            "defaultValue": "{{isBootDiagnosticsForVM}}"
          },
          "vmDiagStorageAccountName": {
            "type": "string",
            "metadata": {
              "description": "This is the name of the storage account using for VM boot diagnostics"
            },
            "defaultValue": "{{vmDiagStorageAccountName}}"
          },
          "vmSize": {
            "type": "string",
            "metadata": {
              "description": "Size of the VM"
            },
            "defaultValue": "{{vmSize}}"
          },
          "domainToJoin": {
            "type": "string",
            "metadata": {
              "description": "Domain to join"
            },
            "defaultValue": "{{domainToJoin}}"
          },
          "domainUsername": {
            "type": "string",
            "metadata": {
              "description": "Domain to join username"
            },
            "defaultValue": "{{domainUsername}}"
          },
          "domainPassword": {
            "type": "string",
            "metadata": {
              "description": "Domain joined password"
            },
            "defaultValue": "{{domainPassword}}"
          },
          "ouPath": {
            "type": "string",
            "defaultValue": "",
            "metadata": {
              "description": "Specifies an organizational unit (OU) for the domain account. Enter the full distinguished name of the OU in quotation marks. Example: \"OU=testOU; DC=domain; DC=Domain; DC=com\""
            }
          },
          "domainJoinOptions": {
            "type": "int",
            "metadata": {
              "description": "Set of bit flags that define the join options. Default value of 3 is a combination of NETSETUP_JOIN_DOMAIN (0x00000001) & NETSETUP_ACCT_CREATE (0x00000002) i.e. will join the domain and create the account on the domain. For more information see https://msdn.microsoft.com/en-us/library/aa392154(v=vs.85).aspx"
            },
            "defaultValue": 3
          },
          "vmAdminUsername": {
            "type": "string",
            "metadata": {
              "description": "The name of the administrator of the new VM and the domain. Exclusion list: 'admin','administrator"
            },
            "defaultValue": "{{vmAdminUsername}}"
          },
          "vmAdminPassword": {
            "type": "securestring"
          },
          "regionToDeploy": {
            "type": "String",
            "metadata": {
              "description": "Region to deploy all resources."
            },
            "defaultValue": "{{regionToDeploy}}"
          },
          "vmNamePrefix": {
            "maxLength": 11,
            "type": "String",
            "metadata": {
              "description": "This is the prefix to use in all VM instances name"
            },
            "defaultValue": "{{vmNamePrefix}}"
          },
          "vmNumberOfInstances": {
            "minValue": 1,
            "maxValue": 5,
            "type": "Int",
            "metadata": {
              "description": "Number of VMs to deploy, limit 5 since this template is using a single storage account"
            },
            "defaultValue": 1
          },
          "vmNumberOffset": {
            "defaultValue": 0,
            "minValue": 0,
            "maxValue": 100,
            "type": "Int",
            "metadata": {
              "description": "Number to start vm unique ID sequence from"
            }
          },
          "imageOffer": {
            "type": "string",
            "metadata": {
              "description": "Image Of Virtual Machine."
            },
            "defaultValue": "{{imageOffer}}"
          },
          "imageSku": {
            "type": "string",
            "metadata": {
              "description": "Sku of the OS."
            },
            "defaultValue": "{{imageSku}}"
          },
          "imagePublisher": {
            "type": "string",
            "metadata": {
              "description": "The organization that created the image"
            },
            "defaultValue": "{{imagePublisher}}"
          },
          "imageReference": {
            "type": "string",
            "metadata": {
              "description": "The image reference"
            },
            "defaultValue": "{{imageReference}}"
          }
        },
        "variables": {
          "createVmDeploymentName": "NewVmDeployment",
          "virtualMachineDeploymentLinkedTemplateURI": "[concat(parameters('artifactsLocation'), 'virtualMachineCreation.json', parameters('artifactsSasToken'))]",
          "windowsDomainJoinDeploymentName": "NewVmDomainJoinDeployment",
          "windowsDomainJoinDeploymentLinkedTemplateURI": "[concat(parameters('artifactsLocation'), 'windowsVMDomainJoin.json', parameters('artifactsSasToken'))]",
          "nsgDeploymentLinkedTemplateURI": "[concat(parameters('artifactsLocation'), 'nsgCreation.json', parameters('artifactsSasToken'))]",
          "nsgDeploymentName": "NewNSGDeployment",
          "nicLinkedTemplateURI": "[concat(parameters('artifactsLocation'),'networkInterface.json', parameters('artifactsSasToken'))]",
          "nicDeploymentName": "NewNIC",
          "availabilitySetLinkedTemplateURI": "[concat(parameters('artifactsLocation'), 'availabilitySetCreation.json', parameters('artifactsSasToken'))]",
          "avsetDeploymentName": "NewAvailabilitySet",
          "publicIPAddressLinkedTemplateURI": "[concat(parameters('artifactsLocation'), 'publicIpAddressCreation.json', parameters('artifactsSasToken'))]",
          "publicIPAddressDeploymentName": "NewPublicIp",
          "storageAccountLinkedTemplateURI": "[concat(parameters('artifactsLocation'),'storageAccountCreation.json', parameters('artifactsSasToken'))]",
          "storageAccountDeploymentName": "NewStorageAccount",
          "availabilitySetName": "[concat(parameters('vmNamePrefix'), '-avset')]",
          "vmNetworkSecurityGroupName": "[concat(parameters('vmNamePrefix'),'-nsg')]",
          "vmDiagStorageAccountName": "[concat(toLower(parameters('vmDiagStorageAccountName')))]",
          "vmInstancesAttributes": {
            "copy": [
              {
                "name": "vms",
                "count": "[parameters('vmNumberOfInstances')]",
                "input": {
                  "vmName": "[concat(parameters('vmNamePrefix'), padLeft(copyIndex('vms',parameters('vmNumberOffset')), 2, '0'))]",
                  "vmOsDiskName": "[concat(parameters('vmNamePrefix'), '-OSDisk-',copyIndex('vms'))]",
                  "vmNicName": "[concat(parameters('vmNamePrefix'), '-nic-', copyIndex('vms'))]",
                  "vmPublicIpName": "[concat(parameters('vmNamePrefix'),'-pip-',copyIndex('vms'))]"
                }
              }
            ]
          }
        },
        "resources": [
          {
            "type": "Microsoft.Resources/deployments",
            "apiVersion": "2019-10-01",
            "name": "[variables('storageAccountDeploymentName')]",
            "comments": "This is a linked template for Storage Account",
            "properties": {
              "mode": "Incremental",
              "templateLink": {
                "uri": "[variables('storageAccountLinkedTemplateURI')]"
              },
              "parameters": {
                "location": {
                  "value": "[parameters('regionToDeploy')]"
                },
                "storageAccountName": {
                  "value": "[variables('vmDiagStorageAccountName')]"
                },
                "accountType": {
                  "value": "Standard_GRS"
                },
                "kind": {
                  "value": "StorageV2"
                },
                "accessTier": {
                  "value": "Hot"
                }
              }
            },
            "condition": "[equals(parameters('isBootDiagnosticsForVM'), 'Yes')]"
          },
          {
            "type": "Microsoft.Resources/deployments",
            "name": "[concat(variables('publicIPAddressDeploymentName'),copyIndex())]",
            "apiVersion": "2019-10-01",
            "comments": "This is linked template for public IP Address deployment",
            "properties": {
              "mode": "Incremental",
              "templateLink": {
                "uri": "[variables('publicIPAddressLinkedTemplateURI')]"
              },
              "parameters": {
                "name": {
                  "value": "[variables('vmInstancesAttributes').vms[copyIndex()].vmPublicIpName]"
                },
                "location": {
                  "value": "[parameters('regionToDeploy')]"
                },
                "sku": {
                  "value": "Basic"
                },
                "publicIPAllocationMethod": {
                  "value": "Dynamic"
                },
                "idleTimeoutInMinutes": {
                  "value": "4"
                },
                "domainNameLabel": {
                  "value": "[variables('vmInstancesAttributes').vms[copyIndex()].vmPublicIpName]"
                },
                "publicIpAddressVersion": {
                  "value": "IPv4"
                }
              }
            },
            "condition": "[equals(parameters('isPublicIpAddress'),'Yes')]",
            "copy": {
              "name": "publicIpLoop",
              "count": "[parameters('vmNumberOfInstances')]"
            }
          },
          {
            "type": "Microsoft.Resources/deployments",
            "apiVersion": "2019-10-01",
            "comments": "This is a linked template to create a Network Security for Virtual Machine",
            "name": "[variables('nsgDeploymentName')]",
            "properties": {
              "mode": "Incremental",
              "templateLink": {
                "uri": "[variables('nsgDeploymentLinkedTemplateURI')]"
              },
              "parameters": {
                "networkSecurityGroupName": {
                  "value": "[variables('vmNetworkSecurityGroupName')]"
                },
                "location": {
                  "value": "[parameters('regionToDeploy')]"
                }
              }
            }
          },
          {
            "type": "Microsoft.Resources/deployments",
            "name": "[variables('avsetDeploymentName')]",
            "apiVersion": "2019-10-01",
            "comments": "This is a linked template to create availability set",
            "properties": {
              "mode": "Incremental",
              "templateLink": {
                "uri": "[variables('availabilitySetLinkedTemplateURI')]"
              },
              "parameters": {
                "location": {
                  "value": "[parameters('regionToDeploy')]"
                },
                "avsetName": {
                  "value": "[variables('availabilitySetName')]"
                },
                "faultDomainCount": {
                  "value": "2"
                },
                "updateDomainCount": {
                  "value": "3"
                },
                "skuName": {
                  "value": "Aligned"
                }
              }
            },
            "condition": "[equals(parameters('isNewAvailabilitySet'), 'Yes')]"
          },
          {
            "type": "Microsoft.Resources/deployments",
            "name": "[concat(variables('nicDeploymentName'),copyIndex())]",
            "apiVersion": "2019-10-01",
            "comments": "This is a linked template for Network Interface creation",
            "dependsOn": [
              "[variables('nsgDeploymentName')]",
              "publicIpLoop"
            ],
            "properties": {
              "mode": "Incremental",
              "templateLink": {
                "uri": "[variables('nicLinkedTemplateURI')]"
              },
              "parameters": {
                "networkInterfaceName": {
                  "value": "[variables('vmInstancesAttributes').vms[copyIndex()].vmNicName]"
                },
                "location": {
                  "value": "[parameters('regionToDeploy')]"
                },
                "vnetName": {
                  "value": "[parameters('existingVnetName')]"
                },
                "subnetName": {
                  "value": "[parameters('existingSubnetName')]"
                },
                "privateIPAllocationMethod": {
                  "value": "Dynamic"
                },
                "nsgName": {
                  "value": "[variables('vmNetworkSecurityGroupName')]"
                },
                "publicIpAddressName": {
                  "value": "[variables('vmInstancesAttributes').vms[copyIndex()].vmPublicIpName]"
                },
                "requirePublicIpAddress": {
                  "value": "[parameters('isPublicIpAddress')]"
                }
              }
            },
            "copy": {
              "name": "vmNicLoop",
              "count": "[parameters('vmNumberOfInstances')]"
            }
          },
          {
            "type": "Microsoft.Resources/deployments",
            "apiVersion": "2019-10-01",
            "name": "[concat(variables('createVmDeploymentName'),copyIndex())]",
            "comments": "The linked template for Virtual Machine Deployments",
            "dependsOn": [
              "[variables('avsetDeploymentName')]",
              "[variables('storageAccountDeploymentName')]",
              "vmNicLoop"
            ],
            "properties": {
              "mode": "Incremental",
              "templateLink": {
                "uri": "[variables('virtualMachineDeploymentLinkedTemplateURI')]"
              },
              "parameters": {
                "dnsLabelPrefix": {
                  "value": "[variables('vmInstancesAttributes').vms[copyIndex()].vmName]"
                },
                "location": {
                  "value": "[parameters('regionToDeploy')]"
                },
                "vmSize": {
                  "value": "[parameters('vmSize')]"
                },
                "vmAdminUsername": {
                  "value": "[parameters('vmAdminUsername')]"
                },
                "vmAdminPassword": {
                  "value": "[parameters('vmAdminPassword')]"
                },
                "nicName": {
                  "value": "[variables('vmInstancesAttributes').vms[copyIndex()].vmNicName]"
                },
                "imagePublisherName": {
                  "value": "[parameters('imagePublisher')]"
                },
                "imageOfferName": {
                  "value": "[parameters('imageOffer')]"
                },
                "imageSkuName": {
                  "value": "[parameters('imageSku')]"
                },
                "imageReference": {
                  "value": "[parameters('imageReference')]"
                },
                "osDiskName": {
                  "value": "[variables('vmInstancesAttributes').vms[copyIndex()].vmOsDiskName]"
                },
                "osDiskSku": {
                  "value": "Premium_LRS"
                },
                "osDiskSizeInGiB": {
                  "value": "1024"
                },
                "osDiskCreateOption": {
                  "value": "FromImage"
                },
                "storageAccountName": {
                  "value": "[variables('vmDiagStorageAccountName')]"
                },
                "requireAvailablitySet": {
                  "value": "[parameters('isNewAvailabilitySet')]"
                },
                "availabilitySetName": {
                  "value": "[variables('availabilitySetName')]"
                },
                "isBootDiagRequired": {
                  "value": "[parameters('isBootDiagnosticsForVM')]"
                }
              }
            },
            "copy": {
              "name": "vmLoop",
              "count": "[parameters('vmNumberOfInstances')]"
            }
          },
          {
            "type": "Microsoft.Resources/deployments",
            "apiVersion": "2019-10-01",
            "name": "[concat(variables('windowsDomainJoinDeploymentName'),copyIndex())]",
            "comments": "This is a template for to join Windows Virtual Machine to a Domain",
            "dependsOn": [
              "vmLoop"
            ],
            "properties": {
              "mode": "Incremental",
              "templateLink": {
                "uri": "[variables('windowsDomainJoinDeploymentLinkedTemplateURI')]"
              },
              "parameters": {
                "dnsLabelPrefix": {
                  "value": "[variables('vmInstancesAttributes').vms[copyIndex()].vmName]"
                },
                "location": {
                  "value": "[parameters('regionToDeploy')]"
                },
                "domainToJoin": {
                  "value": "[parameters('domainToJoin')]"
                },
                "ouPath": {
                  "value": "[parameters('ouPath')]"
                },
                "domainUsername": {
                  "value": "[parameters('domainUsername')]"
                },
                "domainPassword": {
                  "value": "[parameters('domainPassword')]"
                },
                "domainJoinOptions": {
                  "value": "[parameters('domainJoinOptions')]"
                }
              }
            },
            "copy": {
              "name": "vmDomainJoinLoop",
              "count": "[parameters('vmNumberOfInstances')]"
            }
          }
        ]
      },      
      "parameters": {
        "vmAdminPassword": {
          "reference": {
            "keyVault": {
              "id": "{{vmuserkeyvaultname}}"
            },
            "secretName": "{{vmAdminUsername}}"
          }
        }
      }      
    }
 }