{
    "$schema": "http://schema.management.azure.com/schemas/2015-01-01/deploymentTemplate.json#",
    "contentVersion": "1.0.0.0",
    "parameters": {
        "vmName": {
            "type": "string",
            "defaultValue": "vmvmtt"
        },
        "location": {
            "type": "string",
            "defaultValue": "west us"
        },
        "artifactsSasToken": {
            "defaultValue": "?sp=rl&st=2021-01-04T10:37:55Z&se=2021-12-31T10:37:00Z&sv=2019-12-12&sr=c&sig=jr4Od6fNeOiwx4MOq5QtqOtymJ0l3Q5HudRXzHB%2F8vU%3D",
            "type": "String",
            "metadata": {
                "description": "Sas token for the nested scripts"
            }
        }
    },
    "variables": {
     "fileUris": "https://stitopssupport.blob.core.windows.net/armtemplates/BuildWebServer.ps1",
     "arguments": " ",
    "UriFileNamePieces": "[split(variables('fileUris'), '/')]",
    "firstFileNameString": "[variables('UriFileNamePieces')[sub(length(variables('UriFileNamePieces')), 1)]]",
    "firstFileNameBreakString": "[split(variables('firstFileNameString'), '?')]",
    "firstFileName": "[variables('firstFileNameBreakString')[0]]"
    },
    "resources": [
        {
            "name": "[concat(parameters('vmName'),'/CustomScriptExtension')]",
            "type": "Microsoft.Compute/virtualMachines/extensions",
            "location": "[parameters('location')]",
            "apiVersion": "2015-06-15",
            "properties": {
                "publisher": "Microsoft.Compute",
                "type": "CustomScriptExtension",
                "typeHandlerVersion": "1.7",
                "autoUpgradeMinorVersion": true,
                "settings": {
                    "fileUris": "[split(variables('fileUris'), ' ')]"
                },
                "protectedSettings": {
                    "commandToExecute": "[concat ('powershell -ExecutionPolicy Unrestricted -File ', variables('firstFileName'), ' ', variables('arguments'))]",
                    "storageAccountKey": "[parameters('artifactsSasToken')]"
                }
            }
        }
    ]
}