{
    "$schema": "http://schema.management.azure.com/schemas/2015-01-01/deploymentTemplate.json#",
    "contentVersion": "1.0.0.0",
    "parameters": {
        "vmName": {
            "type": "string",
            "defaultValue": "vmvmtt"
        },
        "artifactsSasToken": {
            "defaultValue": "?sp=rl&st=2021-01-04T10:37:55Z&se=2021-12-31T10:37:00Z&sv=2019-12-12&sr=c&sig=jr4Od6fNeOiwx4MOq5QtqOtymJ0l3Q5HudRXzHB%2F8vU%3D",
            "type": "String",
            "metadata": {
                "description": "Sas token for the nested scripts"
            }
        }
    },
    "variables": {
        "BuildWebServerScriptFileName": "BuildWebServer.ps1"

    },
    "resources": [
          {
          "type": "Microsoft.Compute/virtualMachines/extensions",
          "name": "[concat(parameters('vmName'),'/CustomScriptExtension')]",
          "location": "[resourceGroup().location]",
          "apiVersion": "2018-10-01",
          "properties": {
            "publisher": "Microsoft.Compute",
            "type": "CustomScriptExtension",
            "typeHandlerVersion": "1.7",
            "autoUpgradeMinorVersion": true,
            "settings": {
              "fileUris": [
                "https://stitopssupport.blob.core.windows.net/armtemplates/BuildWebServer.ps1"
              ],
              "commandToExecute": "[concat('powershell.exe -ExecutionPolicy Unrestricted -File ', '/', variables('BuildWebServerScriptFileName'))]"
            },
            "protectedSettings": {
                "storageAccountKey": "[parameters('artifactsSasToken')]"
            }
          }
        }
    ]
}