{
    "$schema": "http://schema.management.azure.com/schemas/2015-01-01/deploymentTemplate.json#",
    "contentVersion": "1.0.0.0",
    "parameters": {
        "vmName": {
            "type": "String",
            "defaultValue": "vmvmnn"
        },
        "location": {
            "type": "String",
            "defaultValue": "westus"
        },
        "fileUris": {
            "type": "String",
            "defaultValue": "https://stitopssupport.blob.core.windows.net/armtemplates/BuildWebServer.ps1?sp=r&se=2021-01-28T22:00:11Z&sv=2019-12-12&sr=b&sig=D33pfajH2uWaRF59PVXk8LHp6plPkvrenoMRu6BSz%2Bc%3D"
        },
        "arguments": {
            "defaultValue": " ",
            "type": "SecureString"
        }
    },
    "variables": {
        "UriFileNamePieces": "[split(parameters('fileUris'), '/')]",
        "firstFileNameString": "[variables('UriFileNamePieces')[sub(length(variables('UriFileNamePieces')), 1)]]",
        "firstFileNameBreakString": "[split(variables('firstFileNameString'), '?')]",
        "firstFileName": "[variables('firstFileNameBreakString')[0]]"
    },
    "resources": [
        {
            "type": "Microsoft.Compute/virtualMachines/extensions",
            "apiVersion": "2015-06-15",
            "name": "[concat(parameters('vmName'),'/CustomScriptExtension')]",
            "location": "[parameters('location')]",
            "properties": {
                "publisher": "Microsoft.Compute",
                "type": "CustomScriptExtension",
                "typeHandlerVersion": "1.9",
                "autoUpgradeMinorVersion": true,
                "settings": {
                    "fileUris": "[split(parameters('fileUris'), ' ')]"
                },
                "protectedSettings": {
                    "commandToExecute": "[concat ('powershell -ExecutionPolicy Unrestricted -File ', variables('firstFileName'), ' ', parameters('arguments'))]"
                }
            }
        }
    ]
}