{
    "$schema": "https://schema.management.azure.com/schemas/2015-01-01/deploymentParameters.json#",
    "contentVersion": "1.0.0.0",
    "parameters": {
        "appGwSize": {
            "value": "__AppGw_SkuSize__"
        },
        "existingVnetName": {
            "value": "__Region_SecondaryVnetName__"
        },
        "existingAppGwSubnetName": {
            "value": "__AppGw_SubnetName__"
        },
        "existingSubnetName": {
            "value": "__Network_ExistingSubnet__"
        },
        "existingVnetResourceGroupName": {
            "value": "__Region_SecondaryVnetNameRG__"
        },
        "appGwTier": {
            "value": "__AppGw_Tier__"
        },
        "appGwServiceName": {
            "value": "__Tag_Label__"
        },
        "appGwInstanceCount": {
            "value": __AppGw_InstanceCount__
        },
        "appGwMinCapacity": {
            "value": __AppGw_MinCapacity__
        },
        "appGwMaxCapacity": {
            "value": __AppGw_MaxCapacity__
        },
        "appGwFrontendPort": {
            "value": __AppGw_FrontendPort__
        },
        "appGwBackendPort": {
            "value": __AppGw_BackendPort__
        },
        "appGwCookieBasedAffinity": {
            "value": "__AppGw_CookieBasedAffinity__"
        },
        "regionToDeploy": {
            "value": "__Region_Secondary__"
        },
        "vmNumberOfInstances": {
            "value": __Service_SecondaryNumberOfInstances__
        },
        "vmNumberOffset": {
            "value": __Service_vmNumberOffset__
        },
        "vmNamePrefix": {
            "value": "__Service_vmNamePrefix__"
        },
        "vmNicDnsSetting": {
            "value": ["10.17.36.20","10.12.96.20"]
        },
        "Environment": {
            "value": "__Tag_Environment__"
        },
        "TLA": {
            "value": "__Tag_TLA__"
        },
        "ServerRole": {
            "value": "__Tag_Label__"
        }
    }
}